Shipment_ID,Vendor,Origin,Destination,Shipping_Mode,Distance_km,Weather,Traffic,Planned_Delivery_Days,Actual_Delivery_Days,Delay_Days,Delayed,Shipment_Issue,Relevant_Clause,Compliance_Status,Compliance_Risk,Compliance_Violation,Recommendation
SHP0001,Beta Suppliers,Chennai,Mumbai,Rail,964,Clear,Low,2,2,0,0,Vendor Beta Suppliers delivered shipment SHP0001 within the planned delivery period.,Delivery: Supplier must deliver goods within 7 business days.,Compliant,Low,No delivery delay detected.,Continue monitoring vendor performance.
SHP0002,Omega Supplies,Chennai,Coimbatore,Rail,1002,Rain,Low,3,5,2,1,Vendor Omega Supplies delivered shipment SHP0002 2 days late. Planned delivery was 3 days and actual delivery was 5 days.,Delivery: Supplier must deliver goods within 7 business days.,Non-Compliant,High,Shipment delayed by 2 day(s). Planned delivery: 3 days; Actual delivery: 5 days.,Review vendor performance and check the contract delay requirements.
SHP0003,Prime Logistics,Mumbai,Chennai,Rail,1781,Clear,Low,3,3,0,0,Vendor Prime Logistics delivered shipment SHP0003 within the planned delivery period.,Delivery: Supplier must deliver goods within 7 business days.,Compliant,Low,No delivery delay detected.,Continue monitoring vendor performance.
SHP0004,Beta Suppliers,Coimbatore,Pune,Road,1520,Storm,Medium,3,6,3,1,Vendor Beta Suppliers delivered shipment SHP0004 3 days late. Planned delivery was 3 days and actual delivery was 6 days.,Delivery: Supplier must deliver goods within 7 business days.,Non-Compliant,High,Shipment delayed by 3 day(s). Planned delivery: 3 days; Actual delivery: 6 days.,Review vendor performance and check the contract delay requirements.
SHP0005,Omega Supplies,Coimbatore,Mumbai,Air,2414,Clear,Low,5,5,0,0,Vendor Omega Supplies delivered shipment SHP0005 within the planned delivery period.,Delivery: Supplier must deliver goods within 7 business days.,Compliant,Low,No delivery delay detected.,Continue monitoring vendor performance.
SHP0006,Epsilon Exports,Coimbatore,Hyderabad,Road,1606,Clear,Medium,4,4,0,0,Vendor Epsilon Exports delivered shipment SHP0006 within the planned delivery period.,Delivery: Supplier must deliver goods within 7 business days.,Compliant,Low,No delivery delay detected.,Continue monitoring vendor performance.
SHP0007,Delta Traders,Mumbai,Coimbatore,Rail,2237,Rain,Low,6,7,1,1,Vendor Delta Traders delivered shipment SHP0007 1 days late. Planned delivery was 6 days and actual delivery was 7 days.,Delivery: Supplier must deliver goods within 7 business days.,Non-Compliant,High,Shipment delayed by 1 day(s). Planned delivery: 6 days; Actual delivery: 7 days.,Review vendor performance and check the contract delay requirements.
SHP0008,Zeta Manufacturing,Chennai,Hyderabad,Road,1342,Clear,Low,2,3,1,1,Vendor Zeta Manufacturing delivered shipment SHP0008 1 days late. Planned delivery was 2 days and actual delivery was 3 days.,Delivery: Supplier must deliver goods within 7 business days.,Non-Compliant,High,Shipment delayed by 1 day(s). Planned delivery: 2 days; Actual delivery: 3 days.,Review vendor performance and check the contract delay requirements.
SHP0009,Delta Traders,Kochi,Pune,Sea,635,Clear,Low,1,3,2,1,Vendor Delta Traders delivered shipment SHP0009 2 days late. Planned delivery was 1 days and actual delivery was 3 days.,Delivery: Supplier must deliver goods within 7 business days.,Non-Compliant,High,Shipment delayed by 2 day(s). Planned delivery: 1 days; Actual delivery: 3 days.,Review vendor performance and check the contract delay requirements.
SHP0010,Omega Supplies,Pune,Delhi,Rail,616,Rain,Low,2,2,0,0,Vendor Omega Supplies delivered shipment SHP0010 within the planned delivery period.,Delivery: Supplier must deliver goods within 7 business days.,Compliant,Low,No delivery delay detected.,Continue monitoring vendor performance.
SHP0011,Gamma Industries,Pune,Coimbatore,Sea,1613,Rain,Medium,5,7,2,1,Vendor Gamma Industries delivered shipment SHP0011 2 days late. Planned delivery was 5 days and actual delivery was 7 days.,Delivery: Supplier must deliver goods within 7 business days.,Non-Compliant,High,Shipment delayed by 2 day(s). Planned delivery: 5 days; Actual delivery: 7 days.,Review vendor performance and check the contract delay requirements.
SHP0012,Zeta Manufacturing,Coimbatore,Mumbai,Sea,697,Clear,High,1,5,4,1,Vendor Zeta Manufacturing delivered shipment SHP0012 4 days late. Planned delivery was 1 days and actual delivery was 5 days.,Delivery: Supplier must deliver goods within 7 business days.,Non-Compliant,High,Shipment delayed by 4 day(s). Planned delivery: 1 days; Actual delivery: 5 days.,Review vendor performance and check the contract delay requirements.
SHP0013,Beta Suppliers,Mumbai,Hyderabad,Rail,1581,Rain,Medium,3,5,2,1,Vendor Beta Suppliers delivered shipment SHP0013 2 days late. Planned delivery was 3 days and actual delivery was 5 days.,Delivery: Supplier must deliver goods within 7 business days.,Non-Compliant,High,Shipment delayed by 2 day(s). Planned delivery: 3 days; Actual delivery: 5 days.,Review vendor performance and check the contract delay requirements.
SHP0014,Alpha Logistics,Coimbatore,Delhi,Air,1030,Clear,High,2,3,1,1,Vendor Alpha Logistics delivered shipment SHP0014 1 days late. Planned delivery was 2 days and actual delivery was 3 days.,Delivery: Supplier must deliver goods within 7 business days.,Non-Compliant,High,Shipment delayed by 1 day(s). Planned delivery: 2 days; Actual delivery: 3 days.,Review vendor performance and check the contract delay requirements.
SHP0015,Prime Logistics,Coimbatore,Bangalore,Rail,1996,Storm,Low,5,9,4,1,Vendor Prime Logistics delivered shipment SHP0015 4 days late. Planned delivery was 5 days and actual delivery was 9 days.,Delivery: Supplier must deliver goods within 7 business days.,Non-Compliant,High,Shipment delayed by 4 day(s). Planned delivery: 5 days; Actual delivery: 9 days.,Review vendor performance and check the contract delay requirements.
SHP0016,Delta Traders,Mumbai,Pune,Air,1844,Storm,Medium,5,7,2,1,Vendor Delta Traders delivered shipment SHP0016 2 days late. Planned delivery was 5 days and actual delivery was 7 days.,Delivery: Supplier must deliver goods within 7 business days.,Non-Compliant,High,Shipment delayed by 2 day(s). Planned delivery: 5 days; Actual delivery: 7 days.,Review vendor performance and check the contract delay requirements.
SHP0017,Alpha Logistics,Hyderabad,Chennai,Road,291,Clear,High,1,3,2,1,Vendor Alpha Logistics delivered shipment SHP0017 2 days late. Planned delivery was 1 days and actual delivery was 3 days.,Delivery: Supplier must deliver goods within 7 business days.,Non-Compliant,High,Shipment delayed by 2 day(s). Planned delivery: 1 days; Actual delivery: 3 days.,Review vendor performance and check the contract delay requirements.
SHP0018,Epsilon Exports,Kochi,Hyderabad,Rail,2388,Rain,Low,6,8,2,1,Vendor Epsilon Exports delivered shipment SHP0018 2 days late. Planned delivery was 6 days and actual delivery was 8 days.,Delivery: Supplier must deliver goods within 7 business days.,Non-Compliant,High,Shipment delayed by 2 day(s). Planned delivery: 6 days; Actual delivery: 8 days.,Review vendor performance and check the contract delay requirements.
SHP0019,Beta Suppliers,Coimbatore,Pune,Air,1784,Clear,High,6,9,3,1,Vendor Beta Suppliers delivered shipment SHP0019 3 days late. Planned delivery was 6 days and actual delivery was 9 days.,Delivery: Supplier must deliver goods within 7 business days.,Non-Compliant,High,Shipment delayed by 3 day(s). Planned delivery: 6 days; Actual delivery: 9 days.,Review vendor performance and check the contract delay requirements.
SHP0020,Alpha Logistics,Pune,Delhi,Road,1068,Clear,Medium,3,4,1,1,Vendor Alpha Logistics delivered shipment SHP0020 1 days late. Planned delivery was 3 days and actual delivery was 4 days.,Delivery: Supplier must deliver goods within 7 business days.,Non-Compliant,High,Shipment delayed by 1 day(s). Planned delivery: 3 days; Actual delivery: 4 days.,Review vendor performance and check the contract delay requirements.
SHP0021,Prime Logistics,Hyderabad,Coimbatore,Sea,2304,Clear,Medium,5,5,0,0,Vendor Prime Logistics delivered shipment SHP0021 within the planned delivery period.,Delivery: Supplier must deliver goods within 7 business days.,Compliant,Low,No delivery delay detected.,Continue monitoring vendor performance.
SHP0022,Gamma Industries,Pune,Kochi,Sea,925,Storm,High,3,9,6,1,Vendor Gamma Industries delivered shipment SHP0022 6 days late. Planned delivery was 3 days and actual delivery was 9 days.,Delivery: Supplier must deliver goods within 7 business days.,Non-Compliant,High,Shipment delayed by 6 day(s). Planned delivery: 3 days; Actual delivery: 9 days.,Review vendor performance and check the contract delay requirements.
SHP0023,Prime Logistics,Mumbai,Pune,Sea,684,Clear,Low,2,4,2,1,Vendor Prime Logistics delivered shipment SHP0023 2 days late. Planned delivery was 2 days and actual delivery was 4 days.,Delivery: Supplier must deliver goods within 7 business days.,Non-Compliant,High,Shipment delayed by 2 day(s). Planned delivery: 2 days; Actual delivery: 4 days.,Review vendor performance and check the contract delay requirements.
SHP0024,Zeta Manufacturing,Chennai,Kochi,Rail,282,Fog,Low,1,1,0,0,Vendor Zeta Manufacturing delivered shipment SHP0024 within the planned delivery period.,Delivery: Supplier must deliver goods within 7 business days.,Compliant,Low,No delivery delay detected.,Continue monitoring vendor performance.
SHP0025,Delta Traders,Pune,Coimbatore,Rail,2421,Rain,Medium,6,8,2,1,Vendor Delta Traders delivered shipment SHP0025 2 days late. Planned delivery was 6 days and actual delivery was 8 days.,Delivery: Supplier must deliver goods within 7 business days.,Non-Compliant,High,Shipment delayed by 2 day(s). Planned delivery: 6 days; Actual delivery: 8 days.,Review vendor performance and check the contract delay requirements.
SHP0026,Zeta Manufacturing,Hyderabad,Mumbai,Sea,586,Rain,Low,1,2,1,1,Vendor Zeta Manufacturing delivered shipment SHP0026 1 days late. Planned delivery was 1 days and actual delivery was 2 days.,Delivery: Supplier must deliver goods within 7 business days.,Non-Compliant,High,Shipment delayed by 1 day(s). Planned delivery: 1 days; Actual delivery: 2 days.,Review vendor performance and check the contract delay requirements.
SHP0027,Beta Suppliers,Coimbatore,Hyderabad,Air,592,Storm,High,1,5,4,1,Vendor Beta Suppliers delivered shipment SHP0027 4 days late. Planned delivery was 1 days and actual delivery was 5 days.,Delivery: Supplier must deliver goods within 7 business days.,Non-Compliant,High,Shipment delayed by 4 day(s). Planned delivery: 1 days; Actual delivery: 5 days.,Review vendor performance and check the contract delay requirements.
SHP0028,Gamma Industries,Kochi,Mumbai,Road,2321,Clear,Medium,4,4,0,0,Vendor Gamma Industries delivered shipment SHP0028 within the planned delivery period.,Delivery: Supplier must deliver goods within 7 business days.,Compliant,Low,No delivery delay detected.,Continue monitoring vendor performance.
SHP0029,Beta Suppliers,Bangalore,Mumbai,Air,912,Rain,Low,2,4,2,1,Vendor Beta Suppliers delivered shipment SHP0029 2 days late. Planned delivery was 2 days and actual delivery was 4 days.,Delivery: Supplier must deliver goods within 7 business days.,Non-Compliant,High,Shipment delayed by 2 day(s). Planned delivery: 2 days; Actual delivery: 4 days.,Review vendor performance and check the contract delay requirements.
SHP0030,Epsilon Exports,Chennai,Coimbatore,Sea,1183,Clear,Low,4,6,2,1,Vendor Epsilon Exports delivered shipment SHP0030 2 days late. Planned delivery was 4 days and actual delivery was 6 days.,Delivery: Supplier must deliver goods within 7 business days.,Non-Compliant,High,Shipment delayed by 2 day(s). Planned delivery: 4 days; Actual delivery: 6 days.,Review vendor performance and check the contract delay requirements.
SHP0031,Gamma Industries,Kochi,Pune,Road,508,Clear,High,1,3,2,1,Vendor Gamma Industries delivered shipment SHP0031 2 days late. Planned delivery was 1 days and actual delivery was 3 days.,Delivery: Supplier must deliver goods within 7 business days.,Non-Compliant,High,Shipment delayed by 2 day(s). Planned delivery: 1 days; Actual delivery: 3 days.,Review vendor performance and check the contract delay requirements.
SHP0032,Zeta Manufacturing,Bangalore,Pune,Rail,221,Clear,High,1,2,1,1,Vendor Zeta Manufacturing delivered shipment SHP0032 1 days late. Planned delivery was 1 days and actual delivery was 2 days.,Delivery: Supplier must deliver goods within 7 business days.,Non-Compliant,High,Shipment delayed by 1 day(s). Planned delivery: 1 days; Actual delivery: 2 days.,Review vendor performance and check the contract delay requirements.
SHP0033,Delta Traders,Hyderabad,Coimbatore,Air,2343,Storm,Low,5,7,2,1,Vendor Delta Traders delivered shipment SHP0033 2 days late. Planned delivery was 5 days and actual delivery was 7 days.,Delivery: Supplier must deliver goods within 7 business days.,Non-Compliant,High,Shipment delayed by 2 day(s). Planned delivery: 5 days; Actual delivery: 7 days.,Review vendor performance and check the contract delay requirements.
SHP0034,Gamma Industries,Bangalore,Pune,Road,784,Rain,Low,1,4,3,1,Vendor Gamma Industries delivered shipment SHP0034 3 days late. Planned delivery was 1 days and actual delivery was 4 days.,Delivery: Supplier must deliver goods within 7 business days.,Non-Compliant,High,Shipment delayed by 3 day(s). Planned delivery: 1 days; Actual delivery: 4 days.,Review vendor performance and check the contract delay requirements.
SHP0035,Epsilon Exports,Bangalore,Coimbatore,Sea,208,Storm,Low,1,6,5,1,Vendor Epsilon Exports delivered shipment SHP0035 5 days late. Planned delivery was 1 days and actual delivery was 6 days.,Delivery: Supplier must deliver goods within 7 business days.,Non-Compliant,High,Shipment delayed by 5 day(s). Planned delivery: 1 days; Actual delivery: 6 days.,Review vendor performance and check the contract delay requirements.
SHP0036,Delta Traders,Hyderabad,Chennai,Rail,1682,Clear,High,3,5,2,1,Vendor Delta Traders delivered shipment SHP0036 2 days late. Planned delivery was 3 days and actual delivery was 5 days.,Delivery: Supplier must deliver goods within 7 business days.,Non-Compliant,High,Shipment delayed by 2 day(s). Planned delivery: 3 days; Actual delivery: 5 days.,Review vendor performance and check the contract delay requirements.
SHP0037,Omega Supplies,Delhi,Chennai,Road,1119,Clear,High,3,5,2,1,Vendor Omega Supplies delivered shipment SHP0037 2 days late. Planned delivery was 3 days and actual delivery was 5 days.,Delivery: Supplier must deliver goods within 7 business days.,Non-Compliant,High,Shipment delayed by 2 day(s). Planned delivery: 3 days; Actual delivery: 5 days.,Review vendor performance and check the contract delay requirements.
SHP0038,Zeta Manufacturing,Delhi,Pune,Road,1627,Storm,Low,6,10,4,1,Vendor Zeta Manufacturing delivered shipment SHP0038 4 days late. Planned delivery was 6 days and actual delivery was 10 days.,Delivery: Supplier must deliver goods within 7 business days.,Non-Compliant,High,Shipment delayed by 4 day(s). Planned delivery: 6 days; Actual delivery: 10 days.,Review vendor performance and check the contract delay requirements.
SHP0039,Zeta Manufacturing,Pune,Coimbatore,Air,1335,Rain,Low,2,3,1,1,Vendor Zeta Manufacturing delivered shipment SHP0039 1 days late. Planned delivery was 2 days and actual delivery was 3 days.,Delivery: Supplier must deliver goods within 7 business days.,Non-Compliant,High,Shipment delayed by 1 day(s). Planned delivery: 2 days; Actual delivery: 3 days.,Review vendor performance and check the contract delay requirements.
SHP0040,Omega Supplies,Delhi,Pune,Air,2320,Clear,Low,4,5,1,1,Vendor Omega Supplies delivered shipment SHP0040 1 days late. Planned delivery was 4 days and actual delivery was 5 days.,Delivery: Supplier must deliver goods within 7 business days.,Non-Compliant,High,Shipment delayed by 1 day(s). Planned delivery: 4 days; Actual delivery: 5 days.,Review vendor performance and check the contract delay requirements.
SHP0041,Gamma Industries,Mumbai,Pune,Road,1294,Clear,Low,3,4,1,1,Vendor Gamma Industries delivered shipment SHP0041 1 days late. Planned delivery was 3 days and actual delivery was 4 days.,Delivery: Supplier must deliver goods within 7 business days.,Non-Compliant,High,Shipment delayed by 1 day(s). Planned delivery: 3 days; Actual delivery: 4 days.,Review vendor performance and check the contract delay requirements.
SHP0042,Prime Logistics,Kochi,Hyderabad,Sea,745,Rain,Low,1,2,1,1,Vendor Prime Logistics delivered shipment SHP0042 1 days late. Planned delivery was 1 days and actual delivery was 2 days.,Delivery: Supplier must deliver goods within 7 business days.,Non-Compliant,High,Shipment delayed by 1 day(s). Planned delivery: 1 days; Actual delivery: 2 days.,Review vendor performance and check the contract delay requirements.
SHP0043,Epsilon Exports,Hyderabad,Bangalore,Road,239,Clear,Medium,1,2,1,1,Vendor Epsilon Exports delivered shipment SHP0043 1 days late. Planned delivery was 1 days and actual delivery was 2 days.,Delivery: Supplier must deliver goods within 7 business days.,Non-Compliant,High,Shipment delayed by 1 day(s). Planned delivery: 1 days; Actual delivery: 2 days.,Review vendor performance and check the contract delay requirements.
SHP0044,Delta Traders,Pune,Kochi,Sea,1049,Clear,Medium,2,3,1,1,Vendor Delta Traders delivered shipment SHP0044 1 days late. Planned delivery was 2 days and actual delivery was 3 days.,Delivery: Supplier must deliver goods within 7 business days.,Non-Compliant,High,Shipment delayed by 1 day(s). Planned delivery: 2 days; Actual delivery: 3 days.,Review vendor performance and check the contract delay requirements.
SHP0045,Gamma Industries,Kochi,Chennai,Rail,547,Clear,High,1,4,3,1,Vendor Gamma Industries delivered shipment SHP0045 3 days late. Planned delivery was 1 days and actual delivery was 4 days.,Delivery: Supplier must deliver goods within 7 business days.,Non-Compliant,High,Shipment delayed by 3 day(s). Planned delivery: 1 days; Actual delivery: 4 days.,Review vendor performance and check the contract delay requirements.
SHP0046,Prime Logistics,Pune,Kochi,Rail,1994,Clear,Medium,4,6,2,1,Vendor Prime Logistics delivered shipment SHP0046 2 days late. Planned delivery was 4 days and actual delivery was 6 days.,Delivery: Supplier must deliver goods within 7 business days.,Non-Compliant,High,Shipment delayed by 2 day(s). Planned delivery: 4 days; Actual delivery: 6 days.,Review vendor performance and check the contract delay requirements.
SHP0047,Delta Traders,Mumbai,Kochi,Road,1220,Clear,Low,2,3,1,1,Vendor Delta Traders delivered shipment SHP0047 1 days late. Planned delivery was 2 days and actual delivery was 3 days.,Delivery: Supplier must deliver goods within 7 business days.,Non-Compliant,High,Shipment delayed by 1 day(s). Planned delivery: 2 days; Actual delivery: 3 days.,Review vendor performance and check the contract delay requirements.
SHP0048,Gamma Industries,Bangalore,Hyderabad,Sea,675,Rain,Low,1,5,4,1,Vendor Gamma Industries delivered shipment SHP0048 4 days late. Planned delivery was 1 days and actual delivery was 5 days.,Delivery: Supplier must deliver goods within 7 business days.,Non-Compliant,High,Shipment delayed by 4 day(s). Planned delivery: 1 days; Actual delivery: 5 days.,Review vendor performance and check the contract delay requirements.
SHP0049,Omega Supplies,Chennai,Hyderabad,Sea,1645,Storm,Medium,3,6,3,1,Vendor Omega Supplies delivered shipment SHP0049 3 days late. Planned delivery was 3 days and actual delivery was 6 days.,Delivery: Supplier must deliver goods within 7 business days.,Non-Compliant,High,Shipment delayed by 3 day(s). Planned delivery: 3 days; Actual delivery: 6 days.,Review vendor performance and check the contract delay requirements.
SHP0050,Zeta Manufacturing,Mumbai,Pune,Sea,2254,Rain,Medium,5,7,2,1,Vendor Zeta Manufacturing delivered shipment SHP0050 2 days late. Planned delivery was 5 days and actual delivery was 7 days.,Delivery: Supplier must deliver goods within 7 business days.,Non-Compliant,High,Shipment delayed by 2 day(s). Planned delivery: 5 days; Actual delivery: 7 days.,Review vendor performance and check the contract delay requirements.
SHP0051,Omega Supplies,Kochi,Chennai,Sea,1426,Rain,Medium,3,5,2,1,Vendor Omega Supplies delivered shipment SHP0051 2 days late. Planned delivery was 3 days and actual delivery was 5 days.,Delivery: Supplier must deliver goods within 7 business days.,Non-Compliant,High,Shipment delayed by 2 day(s). Planned delivery: 3 days; Actual delivery: 5 days.,Review vendor performance and check the contract delay requirements.
SHP0052,Omega Supplies,Chennai,Coimbatore,Sea,605,Storm,Low,1,6,5,1,Vendor Omega Supplies delivered shipment SHP0052 5 days late. Planned delivery was 1 days and actual delivery was 6 days.,Delivery: Supplier must deliver goods within 7 business days.,Non-Compliant,High,Shipment delayed by 5 day(s). Planned delivery: 1 days; Actual delivery: 6 days.,Review vendor performance and check the contract delay requirements.
SHP0053,Prime Logistics,Delhi,Pune,Air,1776,Clear,Low,6,6,0,0,Vendor Prime Logistics delivered shipment SHP0053 within the planned delivery period.,Delivery: Supplier must deliver goods within 7 business days.,Compliant,Low,No delivery delay detected.,Continue monitoring vendor performance.
SHP0054,Zeta Manufacturing,Hyderabad,Coimbatore,Road,177,Storm,Low,1,3,2,1,Vendor Zeta Manufacturing delivered shipment SHP0054 2 days late. Planned delivery was 1 days and actual delivery was 3 days.,Delivery: Supplier must deliver goods within 7 business days.,Non-Compliant,High,Shipment delayed by 2 day(s). Planned delivery: 1 days; Actual delivery: 3 days.,Review vendor performance and check the contract delay requirements.
SHP0055,Prime Logistics,Coimbatore,Hyderabad,Sea,1099,Rain,Low,2,2,0,0,Vendor Prime Logistics delivered shipment SHP0055 within the planned delivery period.,Delivery: Supplier must deliver goods within 7 business days.,Compliant,Low,No delivery delay detected.,Continue monitoring vendor performance.
SHP0056,Beta Suppliers,Chennai,Mumbai,Sea,1674,Storm,Low,4,6,2,1,Vendor Beta Suppliers delivered shipment SHP0056 2 days late. Planned delivery was 4 days and actual delivery was 6 days.,Delivery: Supplier must deliver goods within 7 business days.,Non-Compliant,High,Shipment delayed by 2 day(s). Planned delivery: 4 days; Actual delivery: 6 days.,Review vendor performance and check the contract delay requirements.
SHP0057,Beta Suppliers,Chennai,Delhi,Sea,1567,Clear,Medium,6,8,2,1,Vendor Beta Suppliers delivered shipment SHP0057 2 days late. Planned delivery was 6 days and actual delivery was 8 days.,Delivery: Supplier must deliver goods within 7 business days.,Non-Compliant,High,Shipment delayed by 2 day(s). Planned delivery: 6 days; Actual delivery: 8 days.,Review vendor performance and check the contract delay requirements.
SHP0058,Omega Supplies,Delhi,Kochi,Rail,1833,Clear,Medium,4,6,2,1,Vendor Omega Supplies delivered shipment SHP0058 2 days late. Planned delivery was 4 days and actual delivery was 6 days.,Delivery: Supplier must deliver goods within 7 business days.,Non-Compliant,High,Shipment delayed by 2 day(s). Planned delivery: 4 days; Actual delivery: 6 days.,Review vendor performance and check the contract delay requirements.
SHP0059,Prime Logistics,Pune,Mumbai,Air,1055,Storm,Low,2,6,4,1,Vendor Prime Logistics delivered shipment SHP0059 4 days late. Planned delivery was 2 days and actual delivery was 6 days.,Delivery: Supplier must deliver goods within 7 business days.,Non-Compliant,High,Shipment delayed by 4 day(s). Planned delivery: 2 days; Actual delivery: 6 days.,Review vendor performance and check the contract delay requirements.
SHP0060,Prime Logistics,Pune,Delhi,Road,2074,Storm,Low,6,9,3,1,Vendor Prime Logistics delivered shipment SHP0060 3 days late. Planned delivery was 6 days and actual delivery was 9 days.,Delivery: Supplier must deliver goods within 7 business days.,Non-Compliant,High,Shipment delayed by 3 day(s). Planned delivery: 6 days; Actual delivery: 9 days.,Review vendor performance and check the contract delay requirements.
SHP0061,Epsilon Exports,Mumbai,Chennai,Rail,400,Clear,Low,1,1,0,0,Vendor Epsilon Exports delivered shipment SHP0061 within the planned delivery period.,Delivery: Supplier must deliver goods within 7 business days.,Compliant,Low,No delivery delay detected.,Continue monitoring vendor performance.
SHP0062,Prime Logistics,Kochi,Chennai,Road,1255,Clear,Medium,3,4,1,1,Vendor Prime Logistics delivered shipment SHP0062 1 days late. Planned delivery was 3 days and actual delivery was 4 days.,Delivery: Supplier must deliver goods within 7 business days.,Non-Compliant,High,Shipment delayed by 1 day(s). Planned delivery: 3 days; Actual delivery: 4 days.,Review vendor performance and check the contract delay requirements.
SHP0063,Omega Supplies,Delhi,Kochi,Air,1305,Clear,Low,4,4,0,0,Vendor Omega Supplies delivered shipment SHP0063 within the planned delivery period.,Delivery: Supplier must deliver goods within 7 business days.,Compliant,Low,No delivery delay detected.,Continue monitoring vendor performance.
SHP0064,Beta Suppliers,Bangalore,Hyderabad,Rail,2033,Clear,Medium,4,5,1,1,Vendor Beta Suppliers delivered shipment SHP0064 1 days late. Planned delivery was 4 days and actual delivery was 5 days.,Delivery: Supplier must deliver goods within 7 business days.,Non-Compliant,High,Shipment delayed by 1 day(s). Planned delivery: 4 days; Actual delivery: 5 days.,Review vendor performance and check the contract delay requirements.
SHP0065,Delta Traders,Mumbai,Hyderabad,Air,784,Clear,Medium,2,3,1,1,Vendor Delta Traders delivered shipment SHP0065 1 days late. Planned delivery was 2 days and actual delivery was 3 days.,Delivery: Supplier must deliver goods within 7 business days.,Non-Compliant,High,Shipment delayed by 1 day(s). Planned delivery: 2 days; Actual delivery: 3 days.,Review vendor performance and check the contract delay requirements.
SHP0066,Alpha Logistics,Mumbai,Bangalore,Sea,470,Storm,Medium,1,7,6,1,Vendor Alpha Logistics delivered shipment SHP0066 6 days late. Planned delivery was 1 days and actual delivery was 7 days.,Delivery: Supplier must deliver goods within 7 business days.,Non-Compliant,High,Shipment delayed by 6 day(s). Planned delivery: 1 days; Actual delivery: 7 days.,Review vendor performance and check the contract delay requirements.
SHP0067,Alpha Logistics,Mumbai,Kochi,Road,317,Clear,Low,1,2,1,1,Vendor Alpha Logistics delivered shipment SHP0067 1 days late. Planned delivery was 1 days and actual delivery was 2 days.,Delivery: Supplier must deliver goods within 7 business days.,Non-Compliant,High,Shipment delayed by 1 day(s). Planned delivery: 1 days; Actual delivery: 2 days.,Review vendor performance and check the contract delay requirements.
SHP0068,Gamma Industries,Bangalore,Mumbai,Road,1066,Clear,Medium,2,4,2,1,Vendor Gamma Industries delivered shipment SHP0068 2 days late. Planned delivery was 2 days and actual delivery was 4 days.,Delivery: Supplier must deliver goods within 7 business days.,Non-Compliant,High,Shipment delayed by 2 day(s). Planned delivery: 2 days; Actual delivery: 4 days.,Review vendor performance and check the contract delay requirements.
SHP0069,Prime Logistics,Kochi,Mumbai,Sea,1300,Rain,Low,2,2,0,0,Vendor Prime Logistics delivered shipment SHP0069 within the planned delivery period.,Delivery: Supplier must deliver goods within 7 business days.,Compliant,Low,No delivery delay detected.,Continue monitoring vendor performance.
SHP0070,Epsilon Exports,Coimbatore,Bangalore,Rail,761,Rain,Low,2,5,3,1,Vendor Epsilon Exports delivered shipment SHP0070 3 days late. Planned delivery was 2 days and actual delivery was 5 days.,Delivery: Supplier must deliver goods within 7 business days.,Non-Compliant,High,Shipment delayed by 3 day(s). Planned delivery: 2 days; Actual delivery: 5 days.,Review vendor performance and check the contract delay requirements.
SHP0071,Epsilon Exports,Chennai,Hyderabad,Air,1208,Rain,Medium,2,4,2,1,Vendor Epsilon Exports delivered shipment SHP0071 2 days late. Planned delivery was 2 days and actual delivery was 4 days.,Delivery: Supplier must deliver goods within 7 business days.,Non-Compliant,High,Shipment delayed by 2 day(s). Planned delivery: 2 days; Actual delivery: 4 days.,Review vendor performance and check the contract delay requirements.
SHP0072,Omega Supplies,Coimbatore,Hyderabad,Rail,1138,Storm,Low,3,6,3,1,Vendor Omega Supplies delivered shipment SHP0072 3 days late. Planned delivery was 3 days and actual delivery was 6 days.,Delivery: Supplier must deliver goods within 7 business days.,Non-Compliant,High,Shipment delayed by 3 day(s). Planned delivery: 3 days; Actual delivery: 6 days.,Review vendor performance and check the contract delay requirements.
SHP0073,Prime Logistics,Coimbatore,Kochi,Air,1698,Storm,Medium,4,8,4,1,Vendor Prime Logistics delivered shipment SHP0073 4 days late. Planned delivery was 4 days and actual delivery was 8 days.,Delivery: Supplier must deliver goods within 7 business days.,Non-Compliant,High,Shipment delayed by 4 day(s). Planned delivery: 4 days; Actual delivery: 8 days.,Review vendor performance and check the contract delay requirements.
SHP0074,Omega Supplies,Delhi,Mumbai,Road,424,Clear,Medium,1,2,1,1,Vendor Omega Supplies delivered shipment SHP0074 1 days late. Planned delivery was 1 days and actual delivery was 2 days.,Delivery: Supplier must deliver goods within 7 business days.,Non-Compliant,High,Shipment delayed by 1 day(s). Planned delivery: 1 days; Actual delivery: 2 days.,Review vendor performance and check the contract delay requirements.
SHP0075,Alpha Logistics,Bangalore,Kochi,Sea,1189,Clear,Medium,2,4,2,1,Vendor Alpha Logistics delivered shipment SHP0075 2 days late. Planned delivery was 2 days and actual delivery was 4 days.,Delivery: Supplier must deliver goods within 7 business days.,Non-Compliant,High,Shipment delayed by 2 day(s). Planned delivery: 2 days; Actual delivery: 4 days.,Review vendor performance and check the contract delay requirements.
SHP0076,Zeta Manufacturing,Pune,Delhi,Air,478,Storm,Low,1,5,4,1,Vendor Zeta Manufacturing delivered shipment SHP0076 4 days late. Planned delivery was 1 days and actual delivery was 5 days.,Delivery: Supplier must deliver goods within 7 business days.,Non-Compliant,High,Shipment delayed by 4 day(s). Planned delivery: 1 days; Actual delivery: 5 days.,Review vendor performance and check the contract delay requirements.
SHP0077,Omega Supplies,Chennai,Kochi,Road,1338,Clear,Low,2,2,0,0,Vendor Omega Supplies delivered shipment SHP0077 within the planned delivery period.,Delivery: Supplier must deliver goods within 7 business days.,Compliant,Low,No delivery delay detected.,Continue monitoring vendor performance.
SHP0078,Prime Logistics,Pune,Chennai,Rail,2173,Clear,Medium,5,6,1,1,Vendor Prime Logistics delivered shipment SHP0078 1 days late. Planned delivery was 5 days and actual delivery was 6 days.,Delivery: Supplier must deliver goods within 7 business days.,Non-Compliant,High,Shipment delayed by 1 day(s). Planned delivery: 5 days; Actual delivery: 6 days.,Review vendor performance and check the contract delay requirements.
SHP0079,Delta Traders,Mumbai,Bangalore,Air,1844,Storm,Medium,7,9,2,1,Vendor Delta Traders delivered shipment SHP0079 2 days late. Planned delivery was 7 days and actual delivery was 9 days.,Delivery: Supplier must deliver goods within 7 business days.,Non-Compliant,High,Shipment delayed by 2 day(s). Planned delivery: 7 days; Actual delivery: 9 days.,Review vendor performance and check the contract delay requirements.
SHP0080,Alpha Logistics,Pune,Coimbatore,Rail,514,Clear,Low,1,1,0,0,Vendor Alpha Logistics delivered shipment SHP0080 within the planned delivery period.,Delivery: Supplier must deliver goods within 7 business days.,Compliant,Low,No delivery delay detected.,Continue monitoring vendor performance.
SHP0081,Prime Logistics,Mumbai,Pune,Sea,1984,Clear,Medium,5,7,2,1,Vendor Prime Logistics delivered shipment SHP0081 2 days late. Planned delivery was 5 days and actual delivery was 7 days.,Delivery: Supplier must deliver goods within 7 business days.,Non-Compliant,High,Shipment delayed by 2 day(s). Planned delivery: 5 days; Actual delivery: 7 days.,Review vendor performance and check the contract delay requirements.
SHP0082,Beta Suppliers,Mumbai,Pune,Air,2129,Clear,Low,4,4,0,0,Vendor Beta Suppliers delivered shipment SHP0082 within the planned delivery period.,Delivery: Supplier must deliver goods within 7 business days.,Compliant,Low,No delivery delay detected.,Continue monitoring vendor performance.
SHP0083,Prime Logistics,Bangalore,Kochi,Sea,1463,Clear,Medium,4,6,2,1,Vendor Prime Logistics delivered shipment SHP0083 2 days late. Planned delivery was 4 days and actual delivery was 6 days.,Delivery: Supplier must deliver goods within 7 business days.,Non-Compliant,High,Shipment delayed by 2 day(s). Planned delivery: 4 days; Actual delivery: 6 days.,Review vendor performance and check the contract delay requirements.
SHP0084,Delta Traders,Pune,Hyderabad,Sea,228,Clear,Medium,1,3,2,1,Vendor Delta Traders delivered shipment SHP0084 2 days late. Planned delivery was 1 days and actual delivery was 3 days.,Delivery: Supplier must deliver goods within 7 business days.,Non-Compliant,High,Shipment delayed by 2 day(s). Planned delivery: 1 days; Actual delivery: 3 days.,Review vendor performance and check the contract delay requirements.
SHP0085,Prime Logistics,Chennai,Bangalore,Air,461,Storm,Low,1,5,4,1,Vendor Prime Logistics delivered shipment SHP0085 4 days late. Planned delivery was 1 days and actual delivery was 5 days.,Delivery: Supplier must deliver goods within 7 business days.,Non-Compliant,High,Shipment delayed by 4 day(s). Planned delivery: 1 days; Actual delivery: 5 days.,Review vendor performance and check the contract delay requirements.
SHP0086,Gamma Industries,Pune,Bangalore,Road,1973,Rain,Low,4,7,3,1,Vendor Gamma Industries delivered shipment SHP0086 3 days late. Planned delivery was 4 days and actual delivery was 7 days.,Delivery: Supplier must deliver goods within 7 business days.,Non-Compliant,High,Shipment delayed by 3 day(s). Planned delivery: 4 days; Actual delivery: 7 days.,Review vendor performance and check the contract delay requirements.
SHP0087,Zeta Manufacturing,Pune,Delhi,Sea,2266,Clear,Low,5,7,2,1,Vendor Zeta Manufacturing delivered shipment SHP0087 2 days late. Planned delivery was 5 days and actual delivery was 7 days.,Delivery: Supplier must deliver goods within 7 business days.,Non-Compliant,High,Shipment delayed by 2 day(s). Planned delivery: 5 days; Actual delivery: 7 days.,Review vendor performance and check the contract delay requirements.
SHP0088,Delta Traders,Coimbatore,Pune,Road,461,Clear,Medium,1,1,0,0,Vendor Delta Traders delivered shipment SHP0088 within the planned delivery period.,Delivery: Supplier must deliver goods within 7 business days.,Compliant,Low,No delivery delay detected.,Continue monitoring vendor performance.
SHP0089,Alpha Logistics,Mumbai,Delhi,Air,1814,Clear,Medium,4,4,0,0,Vendor Alpha Logistics delivered shipment SHP0089 within the planned delivery period.,Delivery: Supplier must deliver goods within 7 business days.,Compliant,Low,No delivery delay detected.,Continue monitoring vendor performance.
SHP0090,Gamma Industries,Coimbatore,Pune,Rail,2088,Storm,Low,5,9,4,1,Vendor Gamma Industries delivered shipment SHP0090 4 days late. Planned delivery was 5 days and actual delivery was 9 days.,Delivery: Supplier must deliver goods within 7 business days.,Non-Compliant,High,Shipment delayed by 4 day(s). Planned delivery: 5 days; Actual delivery: 9 days.,Review vendor performance and check the contract delay requirements.
SHP0091,Epsilon Exports,Chennai,Kochi,Air,2288,Clear,Low,6,6,0,0,Vendor Epsilon Exports delivered shipment SHP0091 within the planned delivery period.,Delivery: Supplier must deliver goods within 7 business days.,Compliant,Low,No delivery delay detected.,Continue monitoring vendor performance.
SHP0092,Omega Supplies,Mumbai,Kochi,Air,865,Fog,High,3,5,2,1,Vendor Omega Supplies delivered shipment SHP0092 2 days late. Planned delivery was 3 days and actual delivery was 5 days.,Delivery: Supplier must deliver goods within 7 business days.,Non-Compliant,High,Shipment delayed by 2 day(s). Planned delivery: 3 days; Actual delivery: 5 days.,Review vendor performance and check the contract delay requirements.
SHP0093,Epsilon Exports,Mumbai,Chennai,Sea,1174,Clear,High,2,6,4,1,Vendor Epsilon Exports delivered shipment SHP0093 4 days late. Planned delivery was 2 days and actual delivery was 6 days.,Delivery: Supplier must deliver goods within 7 business days.,Non-Compliant,High,Shipment delayed by 4 day(s). Planned delivery: 2 days; Actual delivery: 6 days.,Review vendor performance and check the contract delay requirements.
SHP0094,Epsilon Exports,Hyderabad,Delhi,Rail,828,Rain,Medium,1,2,1,1,Vendor Epsilon Exports delivered shipment SHP0094 1 days late. Planned delivery was 1 days and actual delivery was 2 days.,Delivery: Supplier must deliver goods within 7 business days.,Non-Compliant,High,Shipment delayed by 1 day(s). Planned delivery: 1 days; Actual delivery: 2 days.,Review vendor performance and check the contract delay requirements.
SHP0095,Epsilon Exports,Kochi,Chennai,Air,588,Clear,Low,1,2,1,1,Vendor Epsilon Exports delivered shipment SHP0095 1 days late. Planned delivery was 1 days and actual delivery was 2 days.,Delivery: Supplier must deliver goods within 7 business days.,Non-Compliant,High,Shipment delayed by 1 day(s). Planned delivery: 1 days; Actual delivery: 2 days.,Review vendor performance and check the contract delay requirements.
SHP0096,Gamma Industries,Hyderabad,Bangalore,Air,2224,Rain,Low,7,9,2,1,Vendor Gamma Industries delivered shipment SHP0096 2 days late. Planned delivery was 7 days and actual delivery was 9 days.,Delivery: Supplier must deliver goods within 7 business days.,Non-Compliant,High,Shipment delayed by 2 day(s). Planned delivery: 7 days; Actual delivery: 9 days.,Review vendor performance and check the contract delay requirements.
SHP0097,Epsilon Exports,Delhi,Coimbatore,Sea,358,Clear,High,1,7,6,1,Vendor Epsilon Exports delivered shipment SHP0097 6 days late. Planned delivery was 1 days and actual delivery was 7 days.,Delivery: Supplier must deliver goods within 7 business days.,Non-Compliant,High,Shipment delayed by 6 day(s). Planned delivery: 1 days; Actual delivery: 7 days.,Review vendor performance and check the contract delay requirements.
SHP0098,Zeta Manufacturing,Coimbatore,Pune,Road,1133,Rain,Medium,2,5,3,1,Vendor Zeta Manufacturing delivered shipment SHP0098 3 days late. Planned delivery was 2 days and actual delivery was 5 days.,Delivery: Supplier must deliver goods within 7 business days.,Non-Compliant,High,Shipment delayed by 3 day(s). Planned delivery: 2 days; Actual delivery: 5 days.,Review vendor performance and check the contract delay requirements.
SHP0099,Beta Suppliers,Hyderabad,Kochi,Road,2349,Clear,Medium,5,7,2,1,Vendor Beta Suppliers delivered shipment SHP0099 2 days late. Planned delivery was 5 days and actual delivery was 7 days.,Delivery: Supplier must deliver goods within 7 business days.,Non-Compliant,High,Shipment delayed by 2 day(s). Planned delivery: 5 days; Actual delivery: 7 days.,Review vendor performance and check the contract delay requirements.
SHP0100,Epsilon Exports,Pune,Coimbatore,Rail,235,Storm,Low,1,2,1,1,Vendor Epsilon Exports delivered shipment SHP0100 1 days late. Planned delivery was 1 days and actual delivery was 2 days.,Delivery: Supplier must deliver goods within 7 business days.,Non-Compliant,High,Shipment delayed by 1 day(s). Planned delivery: 1 days; Actual delivery: 2 days.,Review vendor performance and check the contract delay requirements.
SHP0101,Delta Traders,Bangalore,Pune,Sea,1569,Rain,Medium,3,6,3,1,Vendor Delta Traders delivered shipment SHP0101 3 days late. Planned delivery was 3 days and actual delivery was 6 days.,Delivery: Supplier must deliver goods within 7 business days.,Non-Compliant,High,Shipment delayed by 3 day(s). Planned delivery: 3 days; Actual delivery: 6 days.,Review vendor performance and check the contract delay requirements.
SHP0102,Prime Logistics,Pune,Mumbai,Road,1567,Clear,Low,5,5,0,0,Vendor Prime Logistics delivered shipment SHP0102 within the planned delivery period.,Delivery: Supplier must deliver goods within 7 business days.,Compliant,Low,No delivery delay detected.,Continue monitoring vendor performance.
SHP0103,Zeta Manufacturing,Delhi,Chennai,Sea,1180,Clear,Low,2,3,1,1,Vendor Zeta Manufacturing delivered shipment SHP0103 1 days late. Planned delivery was 2 days and actual delivery was 3 days.,Delivery: Supplier must deliver goods within 7 business days.,Non-Compliant,High,Shipment delayed by 1 day(s). Planned delivery: 2 days; Actual delivery: 3 days.,Review vendor performance and check the contract delay requirements.
SHP0104,Delta Traders,Chennai,Delhi,Rail,565,Rain,Low,1,2,1,1,Vendor Delta Traders delivered shipment SHP0104 1 days late. Planned delivery was 1 days and actual delivery was 2 days.,Delivery: Supplier must deliver goods within 7 business days.,Non-Compliant,High,Shipment delayed by 1 day(s). Planned delivery: 1 days; Actual delivery: 2 days.,Review vendor performance and check the contract delay requirements.
SHP0105,Delta Traders,Delhi,Bangalore,Road,1185,Storm,Low,4,7,3,1,Vendor Delta Traders delivered shipment SHP0105 3 days late. Planned delivery was 4 days and actual delivery was 7 days.,Delivery: Supplier must deliver goods within 7 business days.,Non-Compliant,High,Shipment delayed by 3 day(s). Planned delivery: 4 days; Actual delivery: 7 days.,Review vendor performance and check the contract delay requirements.
SHP0106,Alpha Logistics,Bangalore,Chennai,Air,1024,Rain,Low,3,3,0,0,Vendor Alpha Logistics delivered shipment SHP0106 within the planned delivery period.,Delivery: Supplier must deliver goods within 7 business days.,Compliant,Low,No delivery delay detected.,Continue monitoring vendor performance.
SHP0107,Omega Supplies,Coimbatore,Kochi,Sea,1532,Rain,Low,4,7,3,1,Vendor Omega Supplies delivered shipment SHP0107 3 days late. Planned delivery was 4 days and actual delivery was 7 days.,Delivery: Supplier must deliver goods within 7 business days.,Non-Compliant,High,Shipment delayed by 3 day(s). Planned delivery: 4 days; Actual delivery: 7 days.,Review vendor performance and check the contract delay requirements.
SHP0108,Epsilon Exports,Kochi,Chennai,Road,2011,Storm,Low,7,13,6,1,Vendor Epsilon Exports delivered shipment SHP0108 6 days late. Planned delivery was 7 days and actual delivery was 13 days.,Delivery: Supplier must deliver goods within 7 business days.,Non-Compliant,High,Shipment delayed by 6 day(s). Planned delivery: 7 days; Actual delivery: 13 days.,Review vendor performance and check the contract delay requirements.
SHP0109,Beta Suppliers,Coimbatore,Delhi,Rail,319,Clear,Medium,1,3,2,1,Vendor Beta Suppliers delivered shipment SHP0109 2 days late. Planned delivery was 1 days and actual delivery was 3 days.,Delivery: Supplier must deliver goods within 7 business days.,Non-Compliant,High,Shipment delayed by 2 day(s). Planned delivery: 1 days; Actual delivery: 3 days.,Review vendor performance and check the contract delay requirements.
SHP0110,Epsilon Exports,Kochi,Pune,Road,518,Storm,Medium,1,4,3,1,Vendor Epsilon Exports delivered shipment SHP0110 3 days late. Planned delivery was 1 days and actual delivery was 4 days.,Delivery: Supplier must deliver goods within 7 business days.,Non-Compliant,High,Shipment delayed by 3 day(s). Planned delivery: 1 days; Actual delivery: 4 days.,Review vendor performance and check the contract delay requirements.
SHP0111,Omega Supplies,Delhi,Kochi,Sea,1753,Rain,Low,5,7,2,1,Vendor Omega Supplies delivered shipment SHP0111 2 days late. Planned delivery was 5 days and actual delivery was 7 days.,Delivery: Supplier must deliver goods within 7 business days.,Non-Compliant,High,Shipment delayed by 2 day(s). Planned delivery: 5 days; Actual delivery: 7 days.,Review vendor performance and check the contract delay requirements.
SHP0112,Prime Logistics,Coimbatore,Pune,Road,1576,Storm,Medium,3,6,3,1,Vendor Prime Logistics delivered shipment SHP0112 3 days late. Planned delivery was 3 days and actual delivery was 6 days.,Delivery: Supplier must deliver goods within 7 business days.,Non-Compliant,High,Shipment delayed by 3 day(s). Planned delivery: 3 days; Actual delivery: 6 days.,Review vendor performance and check the contract delay requirements.
SHP0113,Omega Supplies,Chennai,Mumbai,Air,1490,Clear,Medium,5,6,1,1,Vendor Omega Supplies delivered shipment SHP0113 1 days late. Planned delivery was 5 days and actual delivery was 6 days.,Delivery: Supplier must deliver goods within 7 business days.,Non-Compliant,High,Shipment delayed by 1 day(s). Planned delivery: 5 days; Actual delivery: 6 days.,Review vendor performance and check the contract delay requirements.
SHP0114,Beta Suppliers,Delhi,Coimbatore,Air,2401,Clear,Low,6,6,0,0,Vendor Beta Suppliers delivered shipment SHP0114 within the planned delivery period.,Delivery: Supplier must deliver goods within 7 business days.,Compliant,Low,No delivery delay detected.,Continue monitoring vendor performance.
SHP0115,Epsilon Exports,Chennai,Bangalore,Air,1315,Storm,Low,4,7,3,1,Vendor Epsilon Exports delivered shipment SHP0115 3 days late. Planned delivery was 4 days and actual delivery was 7 days.,Delivery: Supplier must deliver goods within 7 business days.,Non-Compliant,High,Shipment delayed by 3 day(s). Planned delivery: 4 days; Actual delivery: 7 days.,Review vendor performance and check the contract delay requirements.
SHP0116,Beta Suppliers,Bangalore,Chennai,Road,2222,Clear,Low,6,6,0,0,Vendor Beta Suppliers delivered shipment SHP0116 within the planned delivery period.,Delivery: Supplier must deliver goods within 7 business days.,Compliant,Low,No delivery delay detected.,Continue monitoring vendor performance.
SHP0117,Epsilon Exports,Delhi,Coimbatore,Road,687,Clear,Medium,1,2,1,1,Vendor Epsilon Exports delivered shipment SHP0117 1 days late. Planned delivery was 1 days and actual delivery was 2 days.,Delivery: Supplier must deliver goods within 7 business days.,Non-Compliant,High,Shipment delayed by 1 day(s). Planned delivery: 1 days; Actual delivery: 2 days.,Review vendor performance and check the contract delay requirements.
SHP0118,Omega Supplies,Kochi,Pune,Air,932,Rain,Low,2,2,0,0,Vendor Omega Supplies delivered shipment SHP0118 within the planned delivery period.,Delivery: Supplier must deliver goods within 7 business days.,Compliant,Low,No delivery delay detected.,Continue monitoring vendor performance.
SHP0119,Prime Logistics,Mumbai,Chennai,Rail,1668,Fog,Low,5,6,1,1,Vendor Prime Logistics delivered shipment SHP0119 1 days late. Planned delivery was 5 days and actual delivery was 6 days.,Delivery: Supplier must deliver goods within 7 business days.,Non-Compliant,High,Shipment delayed by 1 day(s). Planned delivery: 5 days; Actual delivery: 6 days.,Review vendor performance and check the contract delay requirements.
SHP0120,Gamma Industries,Mumbai,Delhi,Road,81,Clear,Low,1,1,0,0,Vendor Gamma Industries delivered shipment SHP0120 within the planned delivery period.,Delivery: Supplier must deliver goods within 7 business days.,Compliant,Low,No delivery delay detected.,Continue monitoring vendor performance.
SHP0121,Zeta Manufacturing,Coimbatore,Pune,Road,1836,Clear,High,3,7,4,1,Vendor Zeta Manufacturing delivered shipment SHP0121 4 days late. Planned delivery was 3 days and actual delivery was 7 days.,Delivery: Supplier must deliver goods within 7 business days.,Non-Compliant,High,Shipment delayed by 4 day(s). Planned delivery: 3 days; Actual delivery: 7 days.,Review vendor performance and check the contract delay requirements.
SHP0122,Omega Supplies,Pune,Mumbai,Road,1709,Clear,Low,3,5,2,1,Vendor Omega Supplies delivered shipment SHP0122 2 days late. Planned delivery was 3 days and actual delivery was 5 days.,Delivery: Supplier must deliver goods within 7 business days.,Non-Compliant,High,Shipment delayed by 2 day(s). Planned delivery: 3 days; Actual delivery: 5 days.,Review vendor performance and check the contract delay requirements.
SHP0123,Zeta Manufacturing,Coimbatore,Pune,Road,1046,Clear,Low,3,3,0,0,Vendor Zeta Manufacturing delivered shipment SHP0123 within the planned delivery period.,Delivery: Supplier must deliver goods within 7 business days.,Compliant,Low,No delivery delay detected.,Continue monitoring vendor performance.
SHP0124,Zeta Manufacturing,Hyderabad,Delhi,Rail,362,Rain,Low,1,2,1,1,Vendor Zeta Manufacturing delivered shipment SHP0124 1 days late. Planned delivery was 1 days and actual delivery was 2 days.,Delivery: Supplier must deliver goods within 7 business days.,Non-Compliant,High,Shipment delayed by 1 day(s). Planned delivery: 1 days; Actual delivery: 2 days.,Review vendor performance and check the contract delay requirements.
SHP0125,Zeta Manufacturing,Bangalore,Hyderabad,Road,649,Clear,Low,2,3,1,1,Vendor Zeta Manufacturing delivered shipment SHP0125 1 days late. Planned delivery was 2 days and actual delivery was 3 days.,Delivery: Supplier must deliver goods within 7 business days.,Non-Compliant,High,Shipment delayed by 1 day(s). Planned delivery: 2 days; Actual delivery: 3 days.,Review vendor performance and check the contract delay requirements.
SHP0126,Gamma Industries,Kochi,Delhi,Air,668,Clear,Medium,1,2,1,1,Vendor Gamma Industries delivered shipment SHP0126 1 days late. Planned delivery was 1 days and actual delivery was 2 days.,Delivery: Supplier must deliver goods within 7 business days.,Non-Compliant,High,Shipment delayed by 1 day(s). Planned delivery: 1 days; Actual delivery: 2 days.,Review vendor performance and check the contract delay requirements.
SHP0127,Alpha Logistics,Delhi,Coimbatore,Air,1941,Clear,Low,4,4,0,0,Vendor Alpha Logistics delivered shipment SHP0127 within the planned delivery period.,Delivery: Supplier must deliver goods within 7 business days.,Compliant,Low,No delivery delay detected.,Continue monitoring vendor performance.
SHP0128,Beta Suppliers,Coimbatore,Pune,Sea,2427,Rain,Medium,5,8,3,1,Vendor Beta Suppliers delivered shipment SHP0128 3 days late. Planned delivery was 5 days and actual delivery was 8 days.,Delivery: Supplier must deliver goods within 7 business days.,Non-Compliant,High,Shipment delayed by 3 day(s). Planned delivery: 5 days; Actual delivery: 8 days.,Review vendor performance and check the contract delay requirements.
SHP0129,Zeta Manufacturing,Kochi,Bangalore,Road,1895,Clear,High,5,8,3,1,Vendor Zeta Manufacturing delivered shipment SHP0129 3 days late. Planned delivery was 5 days and actual delivery was 8 days.,Delivery: Supplier must deliver goods within 7 business days.,Non-Compliant,High,Shipment delayed by 3 day(s). Planned delivery: 5 days; Actual delivery: 8 days.,Review vendor performance and check the contract delay requirements.
SHP0130,Alpha Logistics,Hyderabad,Kochi,Sea,2196,Rain,Low,6,9,3,1,Vendor Alpha Logistics delivered shipment SHP0130 3 days late. Planned delivery was 6 days and actual delivery was 9 days.,Delivery: Supplier must deliver goods within 7 business days.,Non-Compliant,High,Shipment delayed by 3 day(s). Planned delivery: 6 days; Actual delivery: 9 days.,Review vendor performance and check the contract delay requirements.
SHP0131,Zeta Manufacturing,Chennai,Delhi,Road,1400,Clear,Medium,4,6,2,1,Vendor Zeta Manufacturing delivered shipment SHP0131 2 days late. Planned delivery was 4 days and actual delivery was 6 days.,Delivery: Supplier must deliver goods within 7 business days.,Non-Compliant,High,Shipment delayed by 2 day(s). Planned delivery: 4 days; Actual delivery: 6 days.,Review vendor performance and check the contract delay requirements.
SHP0132,Zeta Manufacturing,Coimbatore,Bangalore,Air,1320,Fog,Medium,3,3,0,0,Vendor Zeta Manufacturing delivered shipment SHP0132 within the planned delivery period.,Delivery: Supplier must deliver goods within 7 business days.,Compliant,Low,No delivery delay detected.,Continue monitoring vendor performance.
SHP0133,Omega Supplies,Delhi,Bangalore,Road,1784,Rain,Low,5,6,1,1,Vendor Omega Supplies delivered shipment SHP0133 1 days late. Planned delivery was 5 days and actual delivery was 6 days.,Delivery: Supplier must deliver goods within 7 business days.,Non-Compliant,High,Shipment delayed by 1 day(s). Planned delivery: 5 days; Actual delivery: 6 days.,Review vendor performance and check the contract delay requirements.
SHP0134,Prime Logistics,Hyderabad,Bangalore,Rail,366,Clear,Medium,1,1,0,0,Vendor Prime Logistics delivered shipment SHP0134 within the planned delivery period.,Delivery: Supplier must deliver goods within 7 business days.,Compliant,Low,No delivery delay detected.,Continue monitoring vendor performance.
SHP0135,Gamma Industries,Pune,Bangalore,Rail,790,Storm,Medium,1,4,3,1,Vendor Gamma Industries delivered shipment SHP0135 3 days late. Planned delivery was 1 days and actual delivery was 4 days.,Delivery: Supplier must deliver goods within 7 business days.,Non-Compliant,High,Shipment delayed by 3 day(s). Planned delivery: 1 days; Actual delivery: 4 days.,Review vendor performance and check the contract delay requirements.
SHP0136,Omega Supplies,Delhi,Hyderabad,Sea,1217,Rain,Medium,3,6,3,1,Vendor Omega Supplies delivered shipment SHP0136 3 days late. Planned delivery was 3 days and actual delivery was 6 days.,Delivery: Supplier must deliver goods within 7 business days.,Non-Compliant,High,Shipment delayed by 3 day(s). Planned delivery: 3 days; Actual delivery: 6 days.,Review vendor performance and check the contract delay requirements.
SHP0137,Zeta Manufacturing,Kochi,Mumbai,Sea,2109,Rain,High,4,8,4,1,Vendor Zeta Manufacturing delivered shipment SHP0137 4 days late. Planned delivery was 4 days and actual delivery was 8 days.,Delivery: Supplier must deliver goods within 7 business days.,Non-Compliant,High,Shipment delayed by 4 day(s). Planned delivery: 4 days; Actual delivery: 8 days.,Review vendor performance and check the contract delay requirements.
SHP0138,Alpha Logistics,Kochi,Delhi,Road,2163,Storm,Low,4,7,3,1,Vendor Alpha Logistics delivered shipment SHP0138 3 days late. Planned delivery was 4 days and actual delivery was 7 days.,Delivery: Supplier must deliver goods within 7 business days.,Non-Compliant,High,Shipment delayed by 3 day(s). Planned delivery: 4 days; Actual delivery: 7 days.,Review vendor performance and check the contract delay requirements.
SHP0139,Gamma Industries,Pune,Coimbatore,Rail,1897,Storm,High,5,8,3,1,Vendor Gamma Industries delivered shipment SHP0139 3 days late. Planned delivery was 5 days and actual delivery was 8 days.,Delivery: Supplier must deliver goods within 7 business days.,Non-Compliant,High,Shipment delayed by 3 day(s). Planned delivery: 5 days; Actual delivery: 8 days.,Review vendor performance and check the contract delay requirements.
SHP0140,Delta Traders,Pune,Coimbatore,Air,969,Clear,High,2,5,3,1,Vendor Delta Traders delivered shipment SHP0140 3 days late. Planned delivery was 2 days and actual delivery was 5 days.,Delivery: Supplier must deliver goods within 7 business days.,Non-Compliant,High,Shipment delayed by 3 day(s). Planned delivery: 2 days; Actual delivery: 5 days.,Review vendor performance and check the contract delay requirements.
SHP0141,Gamma Industries,Bangalore,Chennai,Air,1985,Rain,Low,4,7,3,1,Vendor Gamma Industries delivered shipment SHP0141 3 days late. Planned delivery was 4 days and actual delivery was 7 days.,Delivery: Supplier must deliver goods within 7 business days.,Non-Compliant,High,Shipment delayed by 3 day(s). Planned delivery: 4 days; Actual delivery: 7 days.,Review vendor performance and check the contract delay requirements.
SHP0142,Alpha Logistics,Coimbatore,Chennai,Air,933,Storm,Medium,2,6,4,1,Vendor Alpha Logistics delivered shipment SHP0142 4 days late. Planned delivery was 2 days and actual delivery was 6 days.,Delivery: Supplier must deliver goods within 7 business days.,Non-Compliant,High,Shipment delayed by 4 day(s). Planned delivery: 2 days; Actual delivery: 6 days.,Review vendor performance and check the contract delay requirements.
SHP0143,Delta Traders,Mumbai,Coimbatore,Road,1026,Clear,Medium,2,3,1,1,Vendor Delta Traders delivered shipment SHP0143 1 days late. Planned delivery was 2 days and actual delivery was 3 days.,Delivery: Supplier must deliver goods within 7 business days.,Non-Compliant,High,Shipment delayed by 1 day(s). Planned delivery: 2 days; Actual delivery: 3 days.,Review vendor performance and check the contract delay requirements.
SHP0144,Alpha Logistics,Hyderabad,Bangalore,Air,1808,Clear,Low,4,5,1,1,Vendor Alpha Logistics delivered shipment SHP0144 1 days late. Planned delivery was 4 days and actual delivery was 5 days.,Delivery: Supplier must deliver goods within 7 business days.,Non-Compliant,High,Shipment delayed by 1 day(s). Planned delivery: 4 days; Actual delivery: 5 days.,Review vendor performance and check the contract delay requirements.
SHP0145,Gamma Industries,Coimbatore,Delhi,Road,2204,Rain,Medium,5,6,1,1,Vendor Gamma Industries delivered shipment SHP0145 1 days late. Planned delivery was 5 days and actual delivery was 6 days.,Delivery: Supplier must deliver goods within 7 business days.,Non-Compliant,High,Shipment delayed by 1 day(s). Planned delivery: 5 days; Actual delivery: 6 days.,Review vendor performance and check the contract delay requirements.
SHP0146,Omega Supplies,Delhi,Mumbai,Road,1512,Rain,Low,3,4,1,1,Vendor Omega Supplies delivered shipment SHP0146 1 days late. Planned delivery was 3 days and actual delivery was 4 days.,Delivery: Supplier must deliver goods within 7 business days.,Non-Compliant,High,Shipment delayed by 1 day(s). Planned delivery: 3 days; Actual delivery: 4 days.,Review vendor performance and check the contract delay requirements.
SHP0147,Gamma Industries,Chennai,Delhi,Air,767,Storm,Medium,1,5,4,1,Vendor Gamma Industries delivered shipment SHP0147 4 days late. Planned delivery was 1 days and actual delivery was 5 days.,Delivery: Supplier must deliver goods within 7 business days.,Non-Compliant,High,Shipment delayed by 4 day(s). Planned delivery: 1 days; Actual delivery: 5 days.,Review vendor performance and check the contract delay requirements.
SHP0148,Beta Suppliers,Kochi,Chennai,Air,875,Clear,Low,3,3,0,0,Vendor Beta Suppliers delivered shipment SHP0148 within the planned delivery period.,Delivery: Supplier must deliver goods within 7 business days.,Compliant,Low,No delivery delay detected.,Continue monitoring vendor performance.
SHP0149,Epsilon Exports,Pune,Kochi,Air,199,Rain,Low,1,1,0,0,Vendor Epsilon Exports delivered shipment SHP0149 within the planned delivery period.,Delivery: Supplier must deliver goods within 7 business days.,Compliant,Low,No delivery delay detected.,Continue monitoring vendor performance.
SHP0150,Epsilon Exports,Coimbatore,Delhi,Sea,1688,Rain,High,4,8,4,1,Vendor Epsilon Exports delivered shipment SHP0150 4 days late. Planned delivery was 4 days and actual delivery was 8 days.,Delivery: Supplier must deliver goods within 7 business days.,Non-Compliant,High,Shipment delayed by 4 day(s). Planned delivery: 4 days; Actual delivery: 8 days.,Review vendor performance and check the contract delay requirements.
SHP0151,Zeta Manufacturing,Mumbai,Coimbatore,Sea,373,Clear,High,1,5,4,1,Vendor Zeta Manufacturing delivered shipment SHP0151 4 days late. Planned delivery was 1 days and actual delivery was 5 days.,Delivery: Supplier must deliver goods within 7 business days.,Non-Compliant,High,Shipment delayed by 4 day(s). Planned delivery: 1 days; Actual delivery: 5 days.,Review vendor performance and check the contract delay requirements.
SHP0152,Beta Suppliers,Coimbatore,Delhi,Air,1305,Clear,Medium,4,5,1,1,Vendor Beta Suppliers delivered shipment SHP0152 1 days late. Planned delivery was 4 days and actual delivery was 5 days.,Delivery: Supplier must deliver goods within 7 business days.,Non-Compliant,High,Shipment delayed by 1 day(s). Planned delivery: 4 days; Actual delivery: 5 days.,Review vendor performance and check the contract delay requirements.
SHP0153,Prime Logistics,Chennai,Delhi,Sea,1174,Rain,Medium,4,6,2,1,Vendor Prime Logistics delivered shipment SHP0153 2 days late. Planned delivery was 4 days and actual delivery was 6 days.,Delivery: Supplier must deliver goods within 7 business days.,Non-Compliant,High,Shipment delayed by 2 day(s). Planned delivery: 4 days; Actual delivery: 6 days.,Review vendor performance and check the contract delay requirements.
SHP0154,Alpha Logistics,Bangalore,Kochi,Road,567,Clear,Medium,1,2,1,1,Vendor Alpha Logistics delivered shipment SHP0154 1 days late. Planned delivery was 1 days and actual delivery was 2 days.,Delivery: Supplier must deliver goods within 7 business days.,Non-Compliant,High,Shipment delayed by 1 day(s). Planned delivery: 1 days; Actual delivery: 2 days.,Review vendor performance and check the contract delay requirements.
SHP0155,Gamma Industries,Kochi,Delhi,Air,1868,Rain,Medium,4,6,2,1,Vendor Gamma Industries delivered shipment SHP0155 2 days late. Planned delivery was 4 days and actual delivery was 6 days.,Delivery: Supplier must deliver goods within 7 business days.,Non-Compliant,High,Shipment delayed by 2 day(s). Planned delivery: 4 days; Actual delivery: 6 days.,Review vendor performance and check the contract delay requirements.
SHP0156,Epsilon Exports,Hyderabad,Coimbatore,Road,812,Clear,Low,2,2,0,0,Vendor Epsilon Exports delivered shipment SHP0156 within the planned delivery period.,Delivery: Supplier must deliver goods within 7 business days.,Compliant,Low,No delivery delay detected.,Continue monitoring vendor performance.
SHP0157,Epsilon Exports,Kochi,Hyderabad,Air,2061,Clear,Low,7,8,1,1,Vendor Epsilon Exports delivered shipment SHP0157 1 days late. Planned delivery was 7 days and actual delivery was 8 days.,Delivery: Supplier must deliver goods within 7 business days.,Non-Compliant,High,Shipment delayed by 1 day(s). Planned delivery: 7 days; Actual delivery: 8 days.,Review vendor performance and check the contract delay requirements.
SHP0158,Gamma Industries,Kochi,Coimbatore,Air,1473,Rain,Medium,4,5,1,1,Vendor Gamma Industries delivered shipment SHP0158 1 days late. Planned delivery was 4 days and actual delivery was 5 days.,Delivery: Supplier must deliver goods within 7 business days.,Non-Compliant,High,Shipment delayed by 1 day(s). Planned delivery: 4 days; Actual delivery: 5 days.,Review vendor performance and check the contract delay requirements.
SHP0159,Zeta Manufacturing,Hyderabad,Coimbatore,Rail,618,Clear,Medium,1,3,2,1,Vendor Zeta Manufacturing delivered shipment SHP0159 2 days late. Planned delivery was 1 days and actual delivery was 3 days.,Delivery: Supplier must deliver goods within 7 business days.,Non-Compliant,High,Shipment delayed by 2 day(s). Planned delivery: 1 days; Actual delivery: 3 days.,Review vendor performance and check the contract delay requirements.
SHP0160,Gamma Industries,Coimbatore,Mumbai,Sea,2010,Rain,Medium,4,5,1,1,Vendor Gamma Industries delivered shipment SHP0160 1 days late. Planned delivery was 4 days and actual delivery was 5 days.,Delivery: Supplier must deliver goods within 7 business days.,Non-Compliant,High,Shipment delayed by 1 day(s). Planned delivery: 4 days; Actual delivery: 5 days.,Review vendor performance and check the contract delay requirements.
SHP0161,Prime Logistics,Kochi,Delhi,Rail,2308,Rain,Low,4,6,2,1,Vendor Prime Logistics delivered shipment SHP0161 2 days late. Planned delivery was 4 days and actual delivery was 6 days.,Delivery: Supplier must deliver goods within 7 business days.,Non-Compliant,High,Shipment delayed by 2 day(s). Planned delivery: 4 days; Actual delivery: 6 days.,Review vendor performance and check the contract delay requirements.
SHP0162,Alpha Logistics,Coimbatore,Bangalore,Air,724,Clear,High,2,4,2,1,Vendor Alpha Logistics delivered shipment SHP0162 2 days late. Planned delivery was 2 days and actual delivery was 4 days.,Delivery: Supplier must deliver goods within 7 business days.,Non-Compliant,High,Shipment delayed by 2 day(s). Planned delivery: 2 days; Actual delivery: 4 days.,Review vendor performance and check the contract delay requirements.
SHP0163,Beta Suppliers,Mumbai,Hyderabad,Air,562,Rain,Medium,2,3,1,1,Vendor Beta Suppliers delivered shipment SHP0163 1 days late. Planned delivery was 2 days and actual delivery was 3 days.,Delivery: Supplier must deliver goods within 7 business days.,Non-Compliant,High,Shipment delayed by 1 day(s). Planned delivery: 2 days; Actual delivery: 3 days.,Review vendor performance and check the contract delay requirements.
SHP0164,Zeta Manufacturing,Chennai,Coimbatore,Road,2412,Clear,Low,6,6,0,0,Vendor Zeta Manufacturing delivered shipment SHP0164 within the planned delivery period.,Delivery: Supplier must deliver goods within 7 business days.,Compliant,Low,No delivery delay detected.,Continue monitoring vendor performance.
SHP0165,Prime Logistics,Mumbai,Kochi,Rail,1713,Clear,Low,6,6,0,0,Vendor Prime Logistics delivered shipment SHP0165 within the planned delivery period.,Delivery: Supplier must deliver goods within 7 business days.,Compliant,Low,No delivery delay detected.,Continue monitoring vendor performance.
SHP0166,Prime Logistics,Pune,Kochi,Sea,885,Clear,Low,1,3,2,1,Vendor Prime Logistics delivered shipment SHP0166 2 days late. Planned delivery was 1 days and actual delivery was 3 days.,Delivery: Supplier must deliver goods within 7 business days.,Non-Compliant,High,Shipment delayed by 2 day(s). Planned delivery: 1 days; Actual delivery: 3 days.,Review vendor performance and check the contract delay requirements.
SHP0167,Zeta Manufacturing,Pune,Bangalore,Air,2159,Rain,Low,5,5,0,0,Vendor Zeta Manufacturing delivered shipment SHP0167 within the planned delivery period.,Delivery: Supplier must deliver goods within 7 business days.,Compliant,Low,No delivery delay detected.,Continue monitoring vendor performance.
SHP0168,Prime Logistics,Hyderabad,Bangalore,Road,257,Clear,Low,1,1,0,0,Vendor Prime Logistics delivered shipment SHP0168 within the planned delivery period.,Delivery: Supplier must deliver goods within 7 business days.,Compliant,Low,No delivery delay detected.,Continue monitoring vendor performance.
SHP0169,Gamma Industries,Delhi,Hyderabad,Rail,2090,Fog,Medium,4,6,2,1,Vendor Gamma Industries delivered shipment SHP0169 2 days late. Planned delivery was 4 days and actual delivery was 6 days.,Delivery: Supplier must deliver goods within 7 business days.,Non-Compliant,High,Shipment delayed by 2 day(s). Planned delivery: 4 days; Actual delivery: 6 days.,Review vendor performance and check the contract delay requirements.
SHP0170,Beta Suppliers,Pune,Kochi,Rail,931,Rain,Low,2,5,3,1,Vendor Beta Suppliers delivered shipment SHP0170 3 days late. Planned delivery was 2 days and actual delivery was 5 days.,Delivery: Supplier must deliver goods within 7 business days.,Non-Compliant,High,Shipment delayed by 3 day(s). Planned delivery: 2 days; Actual delivery: 5 days.,Review vendor performance and check the contract delay requirements.
SHP0171,Epsilon Exports,Chennai,Coimbatore,Sea,598,Storm,Medium,1,7,6,1,Vendor Epsilon Exports delivered shipment SHP0171 6 days late. Planned delivery was 1 days and actual delivery was 7 days.,Delivery: Supplier must deliver goods within 7 business days.,Non-Compliant,High,Shipment delayed by 6 day(s). Planned delivery: 1 days; Actual delivery: 7 days.,Review vendor performance and check the contract delay requirements.
SHP0172,Alpha Logistics,Hyderabad,Delhi,Air,351,Clear,Medium,1,2,1,1,Vendor Alpha Logistics delivered shipment SHP0172 1 days late. Planned delivery was 1 days and actual delivery was 2 days.,Delivery: Supplier must deliver goods within 7 business days.,Non-Compliant,High,Shipment delayed by 1 day(s). Planned delivery: 1 days; Actual delivery: 2 days.,Review vendor performance and check the contract delay requirements.
SHP0173,Gamma Industries,Coimbatore,Pune,Air,1438,Rain,Low,5,7,2,1,Vendor Gamma Industries delivered shipment SHP0173 2 days late. Planned delivery was 5 days and actual delivery was 7 days.,Delivery: Supplier must deliver goods within 7 business days.,Non-Compliant,High,Shipment delayed by 2 day(s). Planned delivery: 5 days; Actual delivery: 7 days.,Review vendor performance and check the contract delay requirements.
SHP0174,Alpha Logistics,Chennai,Bangalore,Air,1990,Rain,Low,4,5,1,1,Vendor Alpha Logistics delivered shipment SHP0174 1 days late. Planned delivery was 4 days and actual delivery was 5 days.,Delivery: Supplier must deliver goods within 7 business days.,Non-Compliant,High,Shipment delayed by 1 day(s). Planned delivery: 4 days; Actual delivery: 5 days.,Review vendor performance and check the contract delay requirements.
SHP0175,Zeta Manufacturing,Bangalore,Pune,Air,2481,Clear,High,6,8,2,1,Vendor Zeta Manufacturing delivered shipment SHP0175 2 days late. Planned delivery was 6 days and actual delivery was 8 days.,Delivery: Supplier must deliver goods within 7 business days.,Non-Compliant,High,Shipment delayed by 2 day(s). Planned delivery: 6 days; Actual delivery: 8 days.,Review vendor performance and check the contract delay requirements.
SHP0176,Prime Logistics,Chennai,Delhi,Air,498,Fog,Medium,1,4,3,1,Vendor Prime Logistics delivered shipment SHP0176 3 days late. Planned delivery was 1 days and actual delivery was 4 days.,Delivery: Supplier must deliver goods within 7 business days.,Non-Compliant,High,Shipment delayed by 3 day(s). Planned delivery: 1 days; Actual delivery: 4 days.,Review vendor performance and check the contract delay requirements.
SHP0177,Epsilon Exports,Hyderabad,Chennai,Sea,748,Rain,Medium,1,5,4,1,Vendor Epsilon Exports delivered shipment SHP0177 4 days late. Planned delivery was 1 days and actual delivery was 5 days.,Delivery: Supplier must deliver goods within 7 business days.,Non-Compliant,High,Shipment delayed by 4 day(s). Planned delivery: 1 days; Actual delivery: 5 days.,Review vendor performance and check the contract delay requirements.
SHP0178,Alpha Logistics,Coimbatore,Hyderabad,Road,1856,Clear,Low,4,5,1,1,Vendor Alpha Logistics delivered shipment SHP0178 1 days late. Planned delivery was 4 days and actual delivery was 5 days.,Delivery: Supplier must deliver goods within 7 business days.,Non-Compliant,High,Shipment delayed by 1 day(s). Planned delivery: 4 days; Actual delivery: 5 days.,Review vendor performance and check the contract delay requirements.
SHP0179,Prime Logistics,Chennai,Bangalore,Rail,2347,Clear,Medium,6,7,1,1,Vendor Prime Logistics delivered shipment SHP0179 1 days late. Planned delivery was 6 days and actual delivery was 7 days.,Delivery: Supplier must deliver goods within 7 business days.,Non-Compliant,High,Shipment delayed by 1 day(s). Planned delivery: 6 days; Actual delivery: 7 days.,Review vendor performance and check the contract delay requirements.
SHP0180,Gamma Industries,Kochi,Delhi,Air,1132,Rain,Low,3,4,1,1,Vendor Gamma Industries delivered shipment SHP0180 1 days late. Planned delivery was 3 days and actual delivery was 4 days.,Delivery: Supplier must deliver goods within 7 business days.,Non-Compliant,High,Shipment delayed by 1 day(s). Planned delivery: 3 days; Actual delivery: 4 days.,Review vendor performance and check the contract delay requirements.
SHP0181,Delta Traders,Mumbai,Hyderabad,Sea,1348,Clear,Medium,2,4,2,1,Vendor Delta Traders delivered shipment SHP0181 2 days late. Planned delivery was 2 days and actual delivery was 4 days.,Delivery: Supplier must deliver goods within 7 business days.,Non-Compliant,High,Shipment delayed by 2 day(s). Planned delivery: 2 days; Actual delivery: 4 days.,Review vendor performance and check the contract delay requirements.
SHP0182,Omega Supplies,Pune,Delhi,Rail,1239,Clear,High,4,7,3,1,Vendor Omega Supplies delivered shipment SHP0182 3 days late. Planned delivery was 4 days and actual delivery was 7 days.,Delivery: Supplier must deliver goods within 7 business days.,Non-Compliant,High,Shipment delayed by 3 day(s). Planned delivery: 4 days; Actual delivery: 7 days.,Review vendor performance and check the contract delay requirements.
SHP0183,Epsilon Exports,Kochi,Hyderabad,Rail,2256,Clear,Medium,7,7,0,0,Vendor Epsilon Exports delivered shipment SHP0183 within the planned delivery period.,Delivery: Supplier must deliver goods within 7 business days.,Compliant,Low,No delivery delay detected.,Continue monitoring vendor performance.
SHP0184,Delta Traders,Hyderabad,Chennai,Rail,1003,Clear,Low,2,3,1,1,Vendor Delta Traders delivered shipment SHP0184 1 days late. Planned delivery was 2 days and actual delivery was 3 days.,Delivery: Supplier must deliver goods within 7 business days.,Non-Compliant,High,Shipment delayed by 1 day(s). Planned delivery: 2 days; Actual delivery: 3 days.,Review vendor performance and check the contract delay requirements.
SHP0185,Beta Suppliers,Bangalore,Chennai,Rail,1716,Rain,High,4,9,5,1,Vendor Beta Suppliers delivered shipment SHP0185 5 days late. Planned delivery was 4 days and actual delivery was 9 days.,Delivery: Supplier must deliver goods within 7 business days.,Non-Compliant,High,Shipment delayed by 5 day(s). Planned delivery: 4 days; Actual delivery: 9 days.,Review vendor performance and check the contract delay requirements.
SHP0186,Epsilon Exports,Delhi,Mumbai,Road,416,Rain,Low,1,2,1,1,Vendor Epsilon Exports delivered shipment SHP0186 1 days late. Planned delivery was 1 days and actual delivery was 2 days.,Delivery: Supplier must deliver goods within 7 business days.,Non-Compliant,High,Shipment delayed by 1 day(s). Planned delivery: 1 days; Actual delivery: 2 days.,Review vendor performance and check the contract delay requirements.
SHP0187,Gamma Industries,Chennai,Pune,Sea,813,Storm,High,1,5,4,1,Vendor Gamma Industries delivered shipment SHP0187 4 days late. Planned delivery was 1 days and actual delivery was 5 days.,Delivery: Supplier must deliver goods within 7 business days.,Non-Compliant,High,Shipment delayed by 4 day(s). Planned delivery: 1 days; Actual delivery: 5 days.,Review vendor performance and check the contract delay requirements.
SHP0188,Beta Suppliers,Delhi,Mumbai,Sea,2275,Rain,High,8,12,4,1,Vendor Beta Suppliers delivered shipment SHP0188 4 days late. Planned delivery was 8 days and actual delivery was 12 days.,Delivery: Supplier must deliver goods within 7 business days.,Non-Compliant,High,Shipment delayed by 4 day(s). Planned delivery: 8 days; Actual delivery: 12 days.,Review vendor performance and check the contract delay requirements.
SHP0189,Zeta Manufacturing,Bangalore,Kochi,Air,812,Clear,Low,2,2,0,0,Vendor Zeta Manufacturing delivered shipment SHP0189 within the planned delivery period.,Delivery: Supplier must deliver goods within 7 business days.,Compliant,Low,No delivery delay detected.,Continue monitoring vendor performance.
SHP0190,Gamma Industries,Pune,Delhi,Road,1691,Rain,Low,5,7,2,1,Vendor Gamma Industries delivered shipment SHP0190 2 days late. Planned delivery was 5 days and actual delivery was 7 days.,Delivery: Supplier must deliver goods within 7 business days.,Non-Compliant,High,Shipment delayed by 2 day(s). Planned delivery: 5 days; Actual delivery: 7 days.,Review vendor performance and check the contract delay requirements.
SHP0191,Alpha Logistics,Mumbai,Pune,Rail,1879,Rain,High,5,7,2,1,Vendor Alpha Logistics delivered shipment SHP0191 2 days late. Planned delivery was 5 days and actual delivery was 7 days.,Delivery: Supplier must deliver goods within 7 business days.,Non-Compliant,High,Shipment delayed by 2 day(s). Planned delivery: 5 days; Actual delivery: 7 days.,Review vendor performance and check the contract delay requirements.
SHP0192,Delta Traders,Chennai,Coimbatore,Sea,1306,Clear,Medium,2,5,3,1,Vendor Delta Traders delivered shipment SHP0192 3 days late. Planned delivery was 2 days and actual delivery was 5 days.,Delivery: Supplier must deliver goods within 7 business days.,Non-Compliant,High,Shipment delayed by 3 day(s). Planned delivery: 2 days; Actual delivery: 5 days.,Review vendor performance and check the contract delay requirements.
SHP0193,Epsilon Exports,Delhi,Hyderabad,Rail,597,Clear,Medium,1,3,2,1,Vendor Epsilon Exports delivered shipment SHP0193 2 days late. Planned delivery was 1 days and actual delivery was 3 days.,Delivery: Supplier must deliver goods within 7 business days.,Non-Compliant,High,Shipment delayed by 2 day(s). Planned delivery: 1 days; Actual delivery: 3 days.,Review vendor performance and check the contract delay requirements.
SHP0194,Prime Logistics,Hyderabad,Coimbatore,Sea,2213,Rain,Low,5,5,0,0,Vendor Prime Logistics delivered shipment SHP0194 within the planned delivery period.,Delivery: Supplier must deliver goods within 7 business days.,Compliant,Low,No delivery delay detected.,Continue monitoring vendor performance.
SHP0195,Gamma Industries,Bangalore,Delhi,Sea,526,Rain,Medium,1,3,2,1,Vendor Gamma Industries delivered shipment SHP0195 2 days late. Planned delivery was 1 days and actual delivery was 3 days.,Delivery: Supplier must deliver goods within 7 business days.,Non-Compliant,High,Shipment delayed by 2 day(s). Planned delivery: 1 days; Actual delivery: 3 days.,Review vendor performance and check the contract delay requirements.
SHP0196,Gamma Industries,Pune,Kochi,Road,2338,Clear,High,5,6,1,1,Vendor Gamma Industries delivered shipment SHP0196 1 days late. Planned delivery was 5 days and actual delivery was 6 days.,Delivery: Supplier must deliver goods within 7 business days.,Non-Compliant,High,Shipment delayed by 1 day(s). Planned delivery: 5 days; Actual delivery: 6 days.,Review vendor performance and check the contract delay requirements.
SHP0197,Alpha Logistics,Hyderabad,Coimbatore,Road,1785,Clear,Low,6,7,1,1,Vendor Alpha Logistics delivered shipment SHP0197 1 days late. Planned delivery was 6 days and actual delivery was 7 days.,Delivery: Supplier must deliver goods within 7 business days.,Non-Compliant,High,Shipment delayed by 1 day(s). Planned delivery: 6 days; Actual delivery: 7 days.,Review vendor performance and check the contract delay requirements.
SHP0198,Alpha Logistics,Mumbai,Pune,Rail,604,Rain,High,1,6,5,1,Vendor Alpha Logistics delivered shipment SHP0198 5 days late. Planned delivery was 1 days and actual delivery was 6 days.,Delivery: Supplier must deliver goods within 7 business days.,Non-Compliant,High,Shipment delayed by 5 day(s). Planned delivery: 1 days; Actual delivery: 6 days.,Review vendor performance and check the contract delay requirements.
SHP0199,Prime Logistics,Pune,Coimbatore,Rail,1474,Clear,High,4,7,3,1,Vendor Prime Logistics delivered shipment SHP0199 3 days late. Planned delivery was 4 days and actual delivery was 7 days.,Delivery: Supplier must deliver goods within 7 business days.,Non-Compliant,High,Shipment delayed by 3 day(s). Planned delivery: 4 days; Actual delivery: 7 days.,Review vendor performance and check the contract delay requirements.
SHP0200,Delta Traders,Chennai,Mumbai,Sea,2280,Clear,Low,7,8,1,1,Vendor Delta Traders delivered shipment SHP0200 1 days late. Planned delivery was 7 days and actual delivery was 8 days.,Delivery: Supplier must deliver goods within 7 business days.,Non-Compliant,High,Shipment delayed by 1 day(s). Planned delivery: 7 days; Actual delivery: 8 days.,Review vendor performance and check the contract delay requirements.
SHP0201,Zeta Manufacturing,Bangalore,Mumbai,Rail,512,Clear,Medium,1,1,0,0,Vendor Zeta Manufacturing delivered shipment SHP0201 within the planned delivery period.,Delivery: Supplier must deliver goods within 7 business days.,Compliant,Low,No delivery delay detected.,Continue monitoring vendor performance.
SHP0202,Delta Traders,Coimbatore,Chennai,Sea,2498,Rain,High,8,11,3,1,Vendor Delta Traders delivered shipment SHP0202 3 days late. Planned delivery was 8 days and actual delivery was 11 days.,Delivery: Supplier must deliver goods within 7 business days.,Non-Compliant,High,Shipment delayed by 3 day(s). Planned delivery: 8 days; Actual delivery: 11 days.,Review vendor performance and check the contract delay requirements.
SHP0203,Delta Traders,Chennai,Bangalore,Air,1009,Storm,Medium,3,6,3,1,Vendor Delta Traders delivered shipment SHP0203 3 days late. Planned delivery was 3 days and actual delivery was 6 days.,Delivery: Supplier must deliver goods within 7 business days.,Non-Compliant,High,Shipment delayed by 3 day(s). Planned delivery: 3 days; Actual delivery: 6 days.,Review vendor performance and check the contract delay requirements.
SHP0204,Gamma Industries,Hyderabad,Pune,Air,1177,Clear,High,2,5,3,1,Vendor Gamma Industries delivered shipment SHP0204 3 days late. Planned delivery was 2 days and actual delivery was 5 days.,Delivery: Supplier must deliver goods within 7 business days.,Non-Compliant,High,Shipment delayed by 3 day(s). Planned delivery: 2 days; Actual delivery: 5 days.,Review vendor performance and check the contract delay requirements.
SHP0205,Omega Supplies,Kochi,Chennai,Air,1611,Rain,Low,4,6,2,1,Vendor Omega Supplies delivered shipment SHP0205 2 days late. Planned delivery was 4 days and actual delivery was 6 days.,Delivery: Supplier must deliver goods within 7 business days.,Non-Compliant,High,Shipment delayed by 2 day(s). Planned delivery: 4 days; Actual delivery: 6 days.,Review vendor performance and check the contract delay requirements.
SHP0206,Epsilon Exports,Pune,Bangalore,Sea,1037,Storm,Low,2,5,3,1,Vendor Epsilon Exports delivered shipment SHP0206 3 days late. Planned delivery was 2 days and actual delivery was 5 days.,Delivery: Supplier must deliver goods within 7 business days.,Non-Compliant,High,Shipment delayed by 3 day(s). Planned delivery: 2 days; Actual delivery: 5 days.,Review vendor performance and check the contract delay requirements.
SHP0207,Omega Supplies,Pune,Bangalore,Sea,1044,Clear,Low,3,4,1,1,Vendor Omega Supplies delivered shipment SHP0207 1 days late. Planned delivery was 3 days and actual delivery was 4 days.,Delivery: Supplier must deliver goods within 7 business days.,Non-Compliant,High,Shipment delayed by 1 day(s). Planned delivery: 3 days; Actual delivery: 4 days.,Review vendor performance and check the contract delay requirements.
SHP0208,Beta Suppliers,Hyderabad,Chennai,Air,1594,Rain,Medium,3,3,0,0,Vendor Beta Suppliers delivered shipment SHP0208 within the planned delivery period.,Delivery: Supplier must deliver goods within 7 business days.,Compliant,Low,No delivery delay detected.,Continue monitoring vendor performance.
SHP0209,Prime Logistics,Hyderabad,Delhi,Air,112,Clear,Low,1,1,0,0,Vendor Prime Logistics delivered shipment SHP0209 within the planned delivery period.,Delivery: Supplier must deliver goods within 7 business days.,Compliant,Low,No delivery delay detected.,Continue monitoring vendor performance.
SHP0210,Prime Logistics,Hyderabad,Pune,Rail,2311,Clear,Low,6,6,0,0,Vendor Prime Logistics delivered shipment SHP0210 within the planned delivery period.,Delivery: Supplier must deliver goods within 7 business days.,Compliant,Low,No delivery delay detected.,Continue monitoring vendor performance.
SHP0211,Epsilon Exports,Mumbai,Delhi,Sea,1958,Clear,High,5,7,2,1,Vendor Epsilon Exports delivered shipment SHP0211 2 days late. Planned delivery was 5 days and actual delivery was 7 days.,Delivery: Supplier must deliver goods within 7 business days.,Non-Compliant,High,Shipment delayed by 2 day(s). Planned delivery: 5 days; Actual delivery: 7 days.,Review vendor performance and check the contract delay requirements.
SHP0212,Zeta Manufacturing,Pune,Chennai,Rail,647,Clear,Medium,1,2,1,1,Vendor Zeta Manufacturing delivered shipment SHP0212 1 days late. Planned delivery was 1 days and actual delivery was 2 days.,Delivery: Supplier must deliver goods within 7 business days.,Non-Compliant,High,Shipment delayed by 1 day(s). Planned delivery: 1 days; Actual delivery: 2 days.,Review vendor performance and check the contract delay requirements.
SHP0213,Gamma Industries,Hyderabad,Delhi,Rail,1605,Rain,Low,4,5,1,1,Vendor Gamma Industries delivered shipment SHP0213 1 days late. Planned delivery was 4 days and actual delivery was 5 days.,Delivery: Supplier must deliver goods within 7 business days.,Non-Compliant,High,Shipment delayed by 1 day(s). Planned delivery: 4 days; Actual delivery: 5 days.,Review vendor performance and check the contract delay requirements.
SHP0214,Prime Logistics,Kochi,Bangalore,Air,743,Clear,Medium,2,2,0,0,Vendor Prime Logistics delivered shipment SHP0214 within the planned delivery period.,Delivery: Supplier must deliver goods within 7 business days.,Compliant,Low,No delivery delay detected.,Continue monitoring vendor performance.
SHP0215,Beta Suppliers,Chennai,Pune,Rail,997,Clear,Low,3,4,1,1,Vendor Beta Suppliers delivered shipment SHP0215 1 days late. Planned delivery was 3 days and actual delivery was 4 days.,Delivery: Supplier must deliver goods within 7 business days.,Non-Compliant,High,Shipment delayed by 1 day(s). Planned delivery: 3 days; Actual delivery: 4 days.,Review vendor performance and check the contract delay requirements.
SHP0216,Zeta Manufacturing,Chennai,Kochi,Sea,114,Clear,Medium,1,3,2,1,Vendor Zeta Manufacturing delivered shipment SHP0216 2 days late. Planned delivery was 1 days and actual delivery was 3 days.,Delivery: Supplier must deliver goods within 7 business days.,Non-Compliant,High,Shipment delayed by 2 day(s). Planned delivery: 1 days; Actual delivery: 3 days.,Review vendor performance and check the contract delay requirements.
SHP0217,Epsilon Exports,Chennai,Pune,Rail,488,Storm,Medium,1,4,3,1,Vendor Epsilon Exports delivered shipment SHP0217 3 days late. Planned delivery was 1 days and actual delivery was 4 days.,Delivery: Supplier must deliver goods within 7 business days.,Non-Compliant,High,Shipment delayed by 3 day(s). Planned delivery: 1 days; Actual delivery: 4 days.,Review vendor performance and check the contract delay requirements.
SHP0218,Epsilon Exports,Pune,Coimbatore,Air,1713,Clear,Low,4,4,0,0,Vendor Epsilon Exports delivered shipment SHP0218 within the planned delivery period.,Delivery: Supplier must deliver goods within 7 business days.,Compliant,Low,No delivery delay detected.,Continue monitoring vendor performance.
SHP0219,Epsilon Exports,Coimbatore,Chennai,Road,1710,Clear,Medium,6,7,1,1,Vendor Epsilon Exports delivered shipment SHP0219 1 days late. Planned delivery was 6 days and actual delivery was 7 days.,Delivery: Supplier must deliver goods within 7 business days.,Non-Compliant,High,Shipment delayed by 1 day(s). Planned delivery: 6 days; Actual delivery: 7 days.,Review vendor performance and check the contract delay requirements.
SHP0220,Beta Suppliers,Kochi,Pune,Air,2367,Fog,High,4,7,3,1,Vendor Beta Suppliers delivered shipment SHP0220 3 days late. Planned delivery was 4 days and actual delivery was 7 days.,Delivery: Supplier must deliver goods within 7 business days.,Non-Compliant,High,Shipment delayed by 3 day(s). Planned delivery: 4 days; Actual delivery: 7 days.,Review vendor performance and check the contract delay requirements.
SHP0221,Delta Traders,Kochi,Mumbai,Road,354,Rain,Low,1,1,0,0,Vendor Delta Traders delivered shipment SHP0221 within the planned delivery period.,Delivery: Supplier must deliver goods within 7 business days.,Compliant,Low,No delivery delay detected.,Continue monitoring vendor performance.
SHP0222,Alpha Logistics,Hyderabad,Bangalore,Sea,365,Clear,Medium,1,4,3,1,Vendor Alpha Logistics delivered shipment SHP0222 3 days late. Planned delivery was 1 days and actual delivery was 4 days.,Delivery: Supplier must deliver goods within 7 business days.,Non-Compliant,High,Shipment delayed by 3 day(s). Planned delivery: 1 days; Actual delivery: 4 days.,Review vendor performance and check the contract delay requirements.
SHP0223,Omega Supplies,Bangalore,Coimbatore,Air,269,Clear,Low,1,1,0,0,Vendor Omega Supplies delivered shipment SHP0223 within the planned delivery period.,Delivery: Supplier must deliver goods within 7 business days.,Compliant,Low,No delivery delay detected.,Continue monitoring vendor performance.
SHP0224,Omega Supplies,Delhi,Chennai,Air,1895,Clear,Low,3,4,1,1,Vendor Omega Supplies delivered shipment SHP0224 1 days late. Planned delivery was 3 days and actual delivery was 4 days.,Delivery: Supplier must deliver goods within 7 business days.,Non-Compliant,High,Shipment delayed by 1 day(s). Planned delivery: 3 days; Actual delivery: 4 days.,Review vendor performance and check the contract delay requirements.
SHP0225,Omega Supplies,Bangalore,Pune,Road,1259,Rain,Medium,4,5,1,1,Vendor Omega Supplies delivered shipment SHP0225 1 days late. Planned delivery was 4 days and actual delivery was 5 days.,Delivery: Supplier must deliver goods within 7 business days.,Non-Compliant,High,Shipment delayed by 1 day(s). Planned delivery: 4 days; Actual delivery: 5 days.,Review vendor performance and check the contract delay requirements.
SHP0226,Omega Supplies,Delhi,Coimbatore,Road,71,Storm,Low,1,4,3,1,Vendor Omega Supplies delivered shipment SHP0226 3 days late. Planned delivery was 1 days and actual delivery was 4 days.,Delivery: Supplier must deliver goods within 7 business days.,Non-Compliant,High,Shipment delayed by 3 day(s). Planned delivery: 1 days; Actual delivery: 4 days.,Review vendor performance and check the contract delay requirements.
SHP0227,Beta Suppliers,Bangalore,Pune,Sea,2331,Rain,Low,9,10,1,1,Vendor Beta Suppliers delivered shipment SHP0227 1 days late. Planned delivery was 9 days and actual delivery was 10 days.,Delivery: Supplier must deliver goods within 7 business days.,Non-Compliant,High,Shipment delayed by 1 day(s). Planned delivery: 9 days; Actual delivery: 10 days.,Review vendor performance and check the contract delay requirements.
SHP0228,Zeta Manufacturing,Pune,Chennai,Air,1744,Clear,Low,3,3,0,0,Vendor Zeta Manufacturing delivered shipment SHP0228 within the planned delivery period.,Delivery: Supplier must deliver goods within 7 business days.,Compliant,Low,No delivery delay detected.,Continue monitoring vendor performance.
SHP0229,Gamma Industries,Pune,Bangalore,Rail,1151,Clear,Medium,4,5,1,1,Vendor Gamma Industries delivered shipment SHP0229 1 days late. Planned delivery was 4 days and actual delivery was 5 days.,Delivery: Supplier must deliver goods within 7 business days.,Non-Compliant,High,Shipment delayed by 1 day(s). Planned delivery: 4 days; Actual delivery: 5 days.,Review vendor performance and check the contract delay requirements.
SHP0230,Epsilon Exports,Pune,Mumbai,Sea,365,Clear,High,1,5,4,1,Vendor Epsilon Exports delivered shipment SHP0230 4 days late. Planned delivery was 1 days and actual delivery was 5 days.,Delivery: Supplier must deliver goods within 7 business days.,Non-Compliant,High,Shipment delayed by 4 day(s). Planned delivery: 1 days; Actual delivery: 5 days.,Review vendor performance and check the contract delay requirements.
SHP0231,Prime Logistics,Coimbatore,Bangalore,Air,77,Storm,Low,1,5,4,1,Vendor Prime Logistics delivered shipment SHP0231 4 days late. Planned delivery was 1 days and actual delivery was 5 days.,Delivery: Supplier must deliver goods within 7 business days.,Non-Compliant,High,Shipment delayed by 4 day(s). Planned delivery: 1 days; Actual delivery: 5 days.,Review vendor performance and check the contract delay requirements.
SHP0232,Prime Logistics,Delhi,Pune,Rail,1280,Clear,High,4,6,2,1,Vendor Prime Logistics delivered shipment SHP0232 2 days late. Planned delivery was 4 days and actual delivery was 6 days.,Delivery: Supplier must deliver goods within 7 business days.,Non-Compliant,High,Shipment delayed by 2 day(s). Planned delivery: 4 days; Actual delivery: 6 days.,Review vendor performance and check the contract delay requirements.
SHP0233,Gamma Industries,Pune,Delhi,Air,2061,Fog,Medium,6,9,3,1,Vendor Gamma Industries delivered shipment SHP0233 3 days late. Planned delivery was 6 days and actual delivery was 9 days.,Delivery: Supplier must deliver goods within 7 business days.,Non-Compliant,High,Shipment delayed by 3 day(s). Planned delivery: 6 days; Actual delivery: 9 days.,Review vendor performance and check the contract delay requirements.
SHP0234,Zeta Manufacturing,Coimbatore,Hyderabad,Rail,2303,Clear,Medium,4,5,1,1,Vendor Zeta Manufacturing delivered shipment SHP0234 1 days late. Planned delivery was 4 days and actual delivery was 5 days.,Delivery: Supplier must deliver goods within 7 business days.,Non-Compliant,High,Shipment delayed by 1 day(s). Planned delivery: 4 days; Actual delivery: 5 days.,Review vendor performance and check the contract delay requirements.
SHP0235,Epsilon Exports,Coimbatore,Pune,Sea,620,Rain,Low,1,5,4,1,Vendor Epsilon Exports delivered shipment SHP0235 4 days late. Planned delivery was 1 days and actual delivery was 5 days.,Delivery: Supplier must deliver goods within 7 business days.,Non-Compliant,High,Shipment delayed by 4 day(s). Planned delivery: 1 days; Actual delivery: 5 days.,Review vendor performance and check the contract delay requirements.
SHP0236,Omega Supplies,Coimbatore,Kochi,Sea,2434,Clear,Medium,5,8,3,1,Vendor Omega Supplies delivered shipment SHP0236 3 days late. Planned delivery was 5 days and actual delivery was 8 days.,Delivery: Supplier must deliver goods within 7 business days.,Non-Compliant,High,Shipment delayed by 3 day(s). Planned delivery: 5 days; Actual delivery: 8 days.,Review vendor performance and check the contract delay requirements.
SHP0237,Zeta Manufacturing,Coimbatore,Hyderabad,Air,731,Rain,Low,1,3,2,1,Vendor Zeta Manufacturing delivered shipment SHP0237 2 days late. Planned delivery was 1 days and actual delivery was 3 days.,Delivery: Supplier must deliver goods within 7 business days.,Non-Compliant,High,Shipment delayed by 2 day(s). Planned delivery: 1 days; Actual delivery: 3 days.,Review vendor performance and check the contract delay requirements.
SHP0238,Omega Supplies,Coimbatore,Chennai,Road,1109,Clear,Medium,2,2,0,0,Vendor Omega Supplies delivered shipment SHP0238 within the planned delivery period.,Delivery: Supplier must deliver goods within 7 business days.,Compliant,Low,No delivery delay detected.,Continue monitoring vendor performance.
SHP0239,Omega Supplies,Kochi,Bangalore,Air,150,Clear,Low,1,1,0,0,Vendor Omega Supplies delivered shipment SHP0239 within the planned delivery period.,Delivery: Supplier must deliver goods within 7 business days.,Compliant,Low,No delivery delay detected.,Continue monitoring vendor performance.
SHP0240,Beta Suppliers,Bangalore,Delhi,Air,1455,Clear,Low,3,3,0,0,Vendor Beta Suppliers delivered shipment SHP0240 within the planned delivery period.,Delivery: Supplier must deliver goods within 7 business days.,Compliant,Low,No delivery delay detected.,Continue monitoring vendor performance.
SHP0241,Prime Logistics,Coimbatore,Kochi,Sea,1356,Clear,Low,3,3,0,0,Vendor Prime Logistics delivered shipment SHP0241 within the planned delivery period.,Delivery: Supplier must deliver goods within 7 business days.,Compliant,Low,No delivery delay detected.,Continue monitoring vendor performance.
SHP0242,Zeta Manufacturing,Coimbatore,Bangalore,Rail,2163,Clear,Low,5,6,1,1,Vendor Zeta Manufacturing delivered shipment SHP0242 1 days late. Planned delivery was 5 days and actual delivery was 6 days.,Delivery: Supplier must deliver goods within 7 business days.,Non-Compliant,High,Shipment delayed by 1 day(s). Planned delivery: 5 days; Actual delivery: 6 days.,Review vendor performance and check the contract delay requirements.
SHP0243,Prime Logistics,Hyderabad,Pune,Rail,813,Rain,Low,3,5,2,1,Vendor Prime Logistics delivered shipment SHP0243 2 days late. Planned delivery was 3 days and actual delivery was 5 days.,Delivery: Supplier must deliver goods within 7 business days.,Non-Compliant,High,Shipment delayed by 2 day(s). Planned delivery: 3 days; Actual delivery: 5 days.,Review vendor performance and check the contract delay requirements.
SHP0244,Omega Supplies,Pune,Chennai,Rail,892,Clear,Medium,1,1,0,0,Vendor Omega Supplies delivered shipment SHP0244 within the planned delivery period.,Delivery: Supplier must deliver goods within 7 business days.,Compliant,Low,No delivery delay detected.,Continue monitoring vendor performance.
SHP0245,Gamma Industries,Delhi,Hyderabad,Sea,516,Clear,High,1,6,5,1,Vendor Gamma Industries delivered shipment SHP0245 5 days late. Planned delivery was 1 days and actual delivery was 6 days.,Delivery: Supplier must deliver goods within 7 business days.,Non-Compliant,High,Shipment delayed by 5 day(s). Planned delivery: 1 days; Actual delivery: 6 days.,Review vendor performance and check the contract delay requirements.
SHP0246,Omega Supplies,Coimbatore,Delhi,Air,1925,Rain,High,4,8,4,1,Vendor Omega Supplies delivered shipment SHP0246 4 days late. Planned delivery was 4 days and actual delivery was 8 days.,Delivery: Supplier must deliver goods within 7 business days.,Non-Compliant,High,Shipment delayed by 4 day(s). Planned delivery: 4 days; Actual delivery: 8 days.,Review vendor performance and check the contract delay requirements.
SHP0247,Gamma Industries,Delhi,Coimbatore,Rail,1300,Clear,Low,4,5,1,1,Vendor Gamma Industries delivered shipment SHP0247 1 days late. Planned delivery was 4 days and actual delivery was 5 days.,Delivery: Supplier must deliver goods within 7 business days.,Non-Compliant,High,Shipment delayed by 1 day(s). Planned delivery: 4 days; Actual delivery: 5 days.,Review vendor performance and check the contract delay requirements.
SHP0248,Omega Supplies,Bangalore,Pune,Sea,810,Clear,Medium,1,3,2,1,Vendor Omega Supplies delivered shipment SHP0248 2 days late. Planned delivery was 1 days and actual delivery was 3 days.,Delivery: Supplier must deliver goods within 7 business days.,Non-Compliant,High,Shipment delayed by 2 day(s). Planned delivery: 1 days; Actual delivery: 3 days.,Review vendor performance and check the contract delay requirements.
SHP0249,Prime Logistics,Mumbai,Bangalore,Rail,1338,Storm,Medium,2,6,4,1,Vendor Prime Logistics delivered shipment SHP0249 4 days late. Planned delivery was 2 days and actual delivery was 6 days.,Delivery: Supplier must deliver goods within 7 business days.,Non-Compliant,High,Shipment delayed by 4 day(s). Planned delivery: 2 days; Actual delivery: 6 days.,Review vendor performance and check the contract delay requirements.
SHP0250,Gamma Industries,Hyderabad,Pune,Sea,1725,Rain,Low,3,6,3,1,Vendor Gamma Industries delivered shipment SHP0250 3 days late. Planned delivery was 3 days and actual delivery was 6 days.,Delivery: Supplier must deliver goods within 7 business days.,Non-Compliant,High,Shipment delayed by 3 day(s). Planned delivery: 3 days; Actual delivery: 6 days.,Review vendor performance and check the contract delay requirements.
SHP0251,Beta Suppliers,Chennai,Hyderabad,Air,183,Clear,Medium,1,3,2,1,Vendor Beta Suppliers delivered shipment SHP0251 2 days late. Planned delivery was 1 days and actual delivery was 3 days.,Delivery: Supplier must deliver goods within 7 business days.,Non-Compliant,High,Shipment delayed by 2 day(s). Planned delivery: 1 days; Actual delivery: 3 days.,Review vendor performance and check the contract delay requirements.
SHP0252,Beta Suppliers,Coimbatore,Mumbai,Air,2270,Storm,Low,5,9,4,1,Vendor Beta Suppliers delivered shipment SHP0252 4 days late. Planned delivery was 5 days and actual delivery was 9 days.,Delivery: Supplier must deliver goods within 7 business days.,Non-Compliant,High,Shipment delayed by 4 day(s). Planned delivery: 5 days; Actual delivery: 9 days.,Review vendor performance and check the contract delay requirements.
SHP0253,Omega Supplies,Coimbatore,Hyderabad,Air,182,Clear,Low,1,1,0,0,Vendor Omega Supplies delivered shipment SHP0253 within the planned delivery period.,Delivery: Supplier must deliver goods within 7 business days.,Compliant,Low,No delivery delay detected.,Continue monitoring vendor performance.
SHP0254,Prime Logistics,Coimbatore,Hyderabad,Rail,2458,Rain,High,6,9,3,1,Vendor Prime Logistics delivered shipment SHP0254 3 days late. Planned delivery was 6 days and actual delivery was 9 days.,Delivery: Supplier must deliver goods within 7 business days.,Non-Compliant,High,Shipment delayed by 3 day(s). Planned delivery: 6 days; Actual delivery: 9 days.,Review vendor performance and check the contract delay requirements.
SHP0255,Delta Traders,Hyderabad,Chennai,Air,2230,Clear,Medium,6,7,1,1,Vendor Delta Traders delivered shipment SHP0255 1 days late. Planned delivery was 6 days and actual delivery was 7 days.,Delivery: Supplier must deliver goods within 7 business days.,Non-Compliant,High,Shipment delayed by 1 day(s). Planned delivery: 6 days; Actual delivery: 7 days.,Review vendor performance and check the contract delay requirements.
SHP0256,Epsilon Exports,Coimbatore,Bangalore,Sea,292,Fog,High,1,4,3,1,Vendor Epsilon Exports delivered shipment SHP0256 3 days late. Planned delivery was 1 days and actual delivery was 4 days.,Delivery: Supplier must deliver goods within 7 business days.,Non-Compliant,High,Shipment delayed by 3 day(s). Planned delivery: 1 days; Actual delivery: 4 days.,Review vendor performance and check the contract delay requirements.
SHP0257,Zeta Manufacturing,Hyderabad,Pune,Sea,632,Rain,Low,1,4,3,1,Vendor Zeta Manufacturing delivered shipment SHP0257 3 days late. Planned delivery was 1 days and actual delivery was 4 days.,Delivery: Supplier must deliver goods within 7 business days.,Non-Compliant,High,Shipment delayed by 3 day(s). Planned delivery: 1 days; Actual delivery: 4 days.,Review vendor performance and check the contract delay requirements.
SHP0258,Beta Suppliers,Pune,Mumbai,Air,1912,Fog,Low,7,9,2,1,Vendor Beta Suppliers delivered shipment SHP0258 2 days late. Planned delivery was 7 days and actual delivery was 9 days.,Delivery: Supplier must deliver goods within 7 business days.,Non-Compliant,High,Shipment delayed by 2 day(s). Planned delivery: 7 days; Actual delivery: 9 days.,Review vendor performance and check the contract delay requirements.
SHP0259,Prime Logistics,Delhi,Coimbatore,Sea,942,Fog,High,2,6,4,1,Vendor Prime Logistics delivered shipment SHP0259 4 days late. Planned delivery was 2 days and actual delivery was 6 days.,Delivery: Supplier must deliver goods within 7 business days.,Non-Compliant,High,Shipment delayed by 4 day(s). Planned delivery: 2 days; Actual delivery: 6 days.,Review vendor performance and check the contract delay requirements.
SHP0260,Gamma Industries,Kochi,Delhi,Road,238,Clear,Medium,1,1,0,0,Vendor Gamma Industries delivered shipment SHP0260 within the planned delivery period.,Delivery: Supplier must deliver goods within 7 business days.,Compliant,Low,No delivery delay detected.,Continue monitoring vendor performance.
SHP0261,Prime Logistics,Kochi,Chennai,Sea,878,Fog,High,1,5,4,1,Vendor Prime Logistics delivered shipment SHP0261 4 days late. Planned delivery was 1 days and actual delivery was 5 days.,Delivery: Supplier must deliver goods within 7 business days.,Non-Compliant,High,Shipment delayed by 4 day(s). Planned delivery: 1 days; Actual delivery: 5 days.,Review vendor performance and check the contract delay requirements.
SHP0262,Beta Suppliers,Delhi,Mumbai,Road,1573,Rain,Medium,5,9,4,1,Vendor Beta Suppliers delivered shipment SHP0262 4 days late. Planned delivery was 5 days and actual delivery was 9 days.,Delivery: Supplier must deliver goods within 7 business days.,Non-Compliant,High,Shipment delayed by 4 day(s). Planned delivery: 5 days; Actual delivery: 9 days.,Review vendor performance and check the contract delay requirements.
SHP0263,Omega Supplies,Coimbatore,Chennai,Rail,2003,Clear,Medium,5,6,1,1,Vendor Omega Supplies delivered shipment SHP0263 1 days late. Planned delivery was 5 days and actual delivery was 6 days.,Delivery: Supplier must deliver goods within 7 business days.,Non-Compliant,High,Shipment delayed by 1 day(s). Planned delivery: 5 days; Actual delivery: 6 days.,Review vendor performance and check the contract delay requirements.
SHP0264,Alpha Logistics,Delhi,Coimbatore,Sea,591,Clear,Low,2,4,2,1,Vendor Alpha Logistics delivered shipment SHP0264 2 days late. Planned delivery was 2 days and actual delivery was 4 days.,Delivery: Supplier must deliver goods within 7 business days.,Non-Compliant,High,Shipment delayed by 2 day(s). Planned delivery: 2 days; Actual delivery: 4 days.,Review vendor performance and check the contract delay requirements.
SHP0265,Beta Suppliers,Delhi,Mumbai,Rail,1617,Rain,Medium,5,6,1,1,Vendor Beta Suppliers delivered shipment SHP0265 1 days late. Planned delivery was 5 days and actual delivery was 6 days.,Delivery: Supplier must deliver goods within 7 business days.,Non-Compliant,High,Shipment delayed by 1 day(s). Planned delivery: 5 days; Actual delivery: 6 days.,Review vendor performance and check the contract delay requirements.
SHP0266,Gamma Industries,Kochi,Delhi,Rail,670,Storm,Medium,1,3,2,1,Vendor Gamma Industries delivered shipment SHP0266 2 days late. Planned delivery was 1 days and actual delivery was 3 days.,Delivery: Supplier must deliver goods within 7 business days.,Non-Compliant,High,Shipment delayed by 2 day(s). Planned delivery: 1 days; Actual delivery: 3 days.,Review vendor performance and check the contract delay requirements.
SHP0267,Gamma Industries,Coimbatore,Pune,Air,1808,Clear,Low,5,5,0,0,Vendor Gamma Industries delivered shipment SHP0267 within the planned delivery period.,Delivery: Supplier must deliver goods within 7 business days.,Compliant,Low,No delivery delay detected.,Continue monitoring vendor performance.
SHP0268,Delta Traders,Mumbai,Chennai,Air,891,Rain,Medium,2,5,3,1,Vendor Delta Traders delivered shipment SHP0268 3 days late. Planned delivery was 2 days and actual delivery was 5 days.,Delivery: Supplier must deliver goods within 7 business days.,Non-Compliant,High,Shipment delayed by 3 day(s). Planned delivery: 2 days; Actual delivery: 5 days.,Review vendor performance and check the contract delay requirements.
SHP0269,Delta Traders,Kochi,Pune,Road,1037,Clear,Medium,2,2,0,0,Vendor Delta Traders delivered shipment SHP0269 within the planned delivery period.,Delivery: Supplier must deliver goods within 7 business days.,Compliant,Low,No delivery delay detected.,Continue monitoring vendor performance.
SHP0270,Gamma Industries,Pune,Delhi,Rail,1979,Fog,Medium,7,9,2,1,Vendor Gamma Industries delivered shipment SHP0270 2 days late. Planned delivery was 7 days and actual delivery was 9 days.,Delivery: Supplier must deliver goods within 7 business days.,Non-Compliant,High,Shipment delayed by 2 day(s). Planned delivery: 7 days; Actual delivery: 9 days.,Review vendor performance and check the contract delay requirements.
SHP0271,Epsilon Exports,Hyderabad,Chennai,Road,1680,Rain,Medium,4,9,5,1,Vendor Epsilon Exports delivered shipment SHP0271 5 days late. Planned delivery was 4 days and actual delivery was 9 days.,Delivery: Supplier must deliver goods within 7 business days.,Non-Compliant,High,Shipment delayed by 5 day(s). Planned delivery: 4 days; Actual delivery: 9 days.,Review vendor performance and check the contract delay requirements.
SHP0272,Beta Suppliers,Bangalore,Mumbai,Road,1319,Clear,High,2,4,2,1,Vendor Beta Suppliers delivered shipment SHP0272 2 days late. Planned delivery was 2 days and actual delivery was 4 days.,Delivery: Supplier must deliver goods within 7 business days.,Non-Compliant,High,Shipment delayed by 2 day(s). Planned delivery: 2 days; Actual delivery: 4 days.,Review vendor performance and check the contract delay requirements.
SHP0273,Omega Supplies,Coimbatore,Mumbai,Sea,1027,Clear,Low,2,3,1,1,Vendor Omega Supplies delivered shipment SHP0273 1 days late. Planned delivery was 2 days and actual delivery was 3 days.,Delivery: Supplier must deliver goods within 7 business days.,Non-Compliant,High,Shipment delayed by 1 day(s). Planned delivery: 2 days; Actual delivery: 3 days.,Review vendor performance and check the contract delay requirements.
SHP0274,Alpha Logistics,Mumbai,Bangalore,Road,101,Rain,Medium,1,5,4,1,Vendor Alpha Logistics delivered shipment SHP0274 4 days late. Planned delivery was 1 days and actual delivery was 5 days.,Delivery: Supplier must deliver goods within 7 business days.,Non-Compliant,High,Shipment delayed by 4 day(s). Planned delivery: 1 days; Actual delivery: 5 days.,Review vendor performance and check the contract delay requirements.
SHP0275,Gamma Industries,Delhi,Bangalore,Air,533,Rain,Low,1,3,2,1,Vendor Gamma Industries delivered shipment SHP0275 2 days late. Planned delivery was 1 days and actual delivery was 3 days.,Delivery: Supplier must deliver goods within 7 business days.,Non-Compliant,High,Shipment delayed by 2 day(s). Planned delivery: 1 days; Actual delivery: 3 days.,Review vendor performance and check the contract delay requirements.
SHP0276,Beta Suppliers,Mumbai,Coimbatore,Sea,1914,Rain,Low,4,6,2,1,Vendor Beta Suppliers delivered shipment SHP0276 2 days late. Planned delivery was 4 days and actual delivery was 6 days.,Delivery: Supplier must deliver goods within 7 business days.,Non-Compliant,High,Shipment delayed by 2 day(s). Planned delivery: 4 days; Actual delivery: 6 days.,Review vendor performance and check the contract delay requirements.
SHP0277,Epsilon Exports,Coimbatore,Hyderabad,Road,230,Storm,Low,1,6,5,1,Vendor Epsilon Exports delivered shipment SHP0277 5 days late. Planned delivery was 1 days and actual delivery was 6 days.,Delivery: Supplier must deliver goods within 7 business days.,Non-Compliant,High,Shipment delayed by 5 day(s). Planned delivery: 1 days; Actual delivery: 6 days.,Review vendor performance and check the contract delay requirements.
SHP0278,Gamma Industries,Bangalore,Chennai,Sea,969,Clear,Low,2,3,1,1,Vendor Gamma Industries delivered shipment SHP0278 1 days late. Planned delivery was 2 days and actual delivery was 3 days.,Delivery: Supplier must deliver goods within 7 business days.,Non-Compliant,High,Shipment delayed by 1 day(s). Planned delivery: 2 days; Actual delivery: 3 days.,Review vendor performance and check the contract delay requirements.
SHP0279,Beta Suppliers,Delhi,Coimbatore,Road,784,Clear,Medium,3,5,2,1,Vendor Beta Suppliers delivered shipment SHP0279 2 days late. Planned delivery was 3 days and actual delivery was 5 days.,Delivery: Supplier must deliver goods within 7 business days.,Non-Compliant,High,Shipment delayed by 2 day(s). Planned delivery: 3 days; Actual delivery: 5 days.,Review vendor performance and check the contract delay requirements.
SHP0280,Epsilon Exports,Mumbai,Delhi,Road,2315,Clear,Low,7,8,1,1,Vendor Epsilon Exports delivered shipment SHP0280 1 days late. Planned delivery was 7 days and actual delivery was 8 days.,Delivery: Supplier must deliver goods within 7 business days.,Non-Compliant,High,Shipment delayed by 1 day(s). Planned delivery: 7 days; Actual delivery: 8 days.,Review vendor performance and check the contract delay requirements.
SHP0281,Delta Traders,Kochi,Delhi,Sea,850,Rain,Medium,1,3,2,1,Vendor Delta Traders delivered shipment SHP0281 2 days late. Planned delivery was 1 days and actual delivery was 3 days.,Delivery: Supplier must deliver goods within 7 business days.,Non-Compliant,High,Shipment delayed by 2 day(s). Planned delivery: 1 days; Actual delivery: 3 days.,Review vendor performance and check the contract delay requirements.
SHP0282,Alpha Logistics,Hyderabad,Delhi,Road,1422,Clear,Medium,3,4,1,1,Vendor Alpha Logistics delivered shipment SHP0282 1 days late. Planned delivery was 3 days and actual delivery was 4 days.,Delivery: Supplier must deliver goods within 7 business days.,Non-Compliant,High,Shipment delayed by 1 day(s). Planned delivery: 3 days; Actual delivery: 4 days.,Review vendor performance and check the contract delay requirements.
SHP0283,Delta Traders,Pune,Kochi,Road,633,Rain,Low,1,4,3,1,Vendor Delta Traders delivered shipment SHP0283 3 days late. Planned delivery was 1 days and actual delivery was 4 days.,Delivery: Supplier must deliver goods within 7 business days.,Non-Compliant,High,Shipment delayed by 3 day(s). Planned delivery: 1 days; Actual delivery: 4 days.,Review vendor performance and check the contract delay requirements.
SHP0284,Zeta Manufacturing,Kochi,Coimbatore,Road,2120,Clear,High,7,11,4,1,Vendor Zeta Manufacturing delivered shipment SHP0284 4 days late. Planned delivery was 7 days and actual delivery was 11 days.,Delivery: Supplier must deliver goods within 7 business days.,Non-Compliant,High,Shipment delayed by 4 day(s). Planned delivery: 7 days; Actual delivery: 11 days.,Review vendor performance and check the contract delay requirements.
SHP0285,Omega Supplies,Bangalore,Hyderabad,Air,1119,Storm,High,3,9,6,1,Vendor Omega Supplies delivered shipment SHP0285 6 days late. Planned delivery was 3 days and actual delivery was 9 days.,Delivery: Supplier must deliver goods within 7 business days.,Non-Compliant,High,Shipment delayed by 6 day(s). Planned delivery: 3 days; Actual delivery: 9 days.,Review vendor performance and check the contract delay requirements.
SHP0286,Epsilon Exports,Hyderabad,Coimbatore,Rail,607,Rain,Medium,2,3,1,1,Vendor Epsilon Exports delivered shipment SHP0286 1 days late. Planned delivery was 2 days and actual delivery was 3 days.,Delivery: Supplier must deliver goods within 7 business days.,Non-Compliant,High,Shipment delayed by 1 day(s). Planned delivery: 2 days; Actual delivery: 3 days.,Review vendor performance and check the contract delay requirements.
SHP0287,Prime Logistics,Delhi,Pune,Road,2245,Clear,Medium,6,7,1,1,Vendor Prime Logistics delivered shipment SHP0287 1 days late. Planned delivery was 6 days and actual delivery was 7 days.,Delivery: Supplier must deliver goods within 7 business days.,Non-Compliant,High,Shipment delayed by 1 day(s). Planned delivery: 6 days; Actual delivery: 7 days.,Review vendor performance and check the contract delay requirements.
SHP0288,Beta Suppliers,Coimbatore,Bangalore,Air,215,Clear,High,1,2,1,1,Vendor Beta Suppliers delivered shipment SHP0288 1 days late. Planned delivery was 1 days and actual delivery was 2 days.,Delivery: Supplier must deliver goods within 7 business days.,Non-Compliant,High,Shipment delayed by 1 day(s). Planned delivery: 1 days; Actual delivery: 2 days.,Review vendor performance and check the contract delay requirements.
SHP0289,Zeta Manufacturing,Pune,Chennai,Air,1115,Storm,Low,2,7,5,1,Vendor Zeta Manufacturing delivered shipment SHP0289 5 days late. Planned delivery was 2 days and actual delivery was 7 days.,Delivery: Supplier must deliver goods within 7 business days.,Non-Compliant,High,Shipment delayed by 5 day(s). Planned delivery: 2 days; Actual delivery: 7 days.,Review vendor performance and check the contract delay requirements.
SHP0290,Delta Traders,Coimbatore,Kochi,Road,622,Clear,Low,1,1,0,0,Vendor Delta Traders delivered shipment SHP0290 within the planned delivery period.,Delivery: Supplier must deliver goods within 7 business days.,Compliant,Low,No delivery delay detected.,Continue monitoring vendor performance.
SHP0291,Delta Traders,Pune,Delhi,Road,2435,Rain,High,9,11,2,1,Vendor Delta Traders delivered shipment SHP0291 2 days late. Planned delivery was 9 days and actual delivery was 11 days.,Delivery: Supplier must deliver goods within 7 business days.,Non-Compliant,High,Shipment delayed by 2 day(s). Planned delivery: 9 days; Actual delivery: 11 days.,Review vendor performance and check the contract delay requirements.
SHP0292,Gamma Industries,Coimbatore,Delhi,Road,224,Storm,Low,1,7,6,1,Vendor Gamma Industries delivered shipment SHP0292 6 days late. Planned delivery was 1 days and actual delivery was 7 days.,Delivery: Supplier must deliver goods within 7 business days.,Non-Compliant,High,Shipment delayed by 6 day(s). Planned delivery: 1 days; Actual delivery: 7 days.,Review vendor performance and check the contract delay requirements.
SHP0293,Prime Logistics,Chennai,Pune,Sea,757,Clear,High,2,5,3,1,Vendor Prime Logistics delivered shipment SHP0293 3 days late. Planned delivery was 2 days and actual delivery was 5 days.,Delivery: Supplier must deliver goods within 7 business days.,Non-Compliant,High,Shipment delayed by 3 day(s). Planned delivery: 2 days; Actual delivery: 5 days.,Review vendor performance and check the contract delay requirements.
SHP0294,Alpha Logistics,Hyderabad,Mumbai,Sea,1737,Storm,Medium,6,11,5,1,Vendor Alpha Logistics delivered shipment SHP0294 5 days late. Planned delivery was 6 days and actual delivery was 11 days.,Delivery: Supplier must deliver goods within 7 business days.,Non-Compliant,High,Shipment delayed by 5 day(s). Planned delivery: 6 days; Actual delivery: 11 days.,Review vendor performance and check the contract delay requirements.
SHP0295,Delta Traders,Hyderabad,Chennai,Sea,1520,Clear,Medium,4,6,2,1,Vendor Delta Traders delivered shipment SHP0295 2 days late. Planned delivery was 4 days and actual delivery was 6 days.,Delivery: Supplier must deliver goods within 7 business days.,Non-Compliant,High,Shipment delayed by 2 day(s). Planned delivery: 4 days; Actual delivery: 6 days.,Review vendor performance and check the contract delay requirements.
SHP0296,Gamma Industries,Chennai,Delhi,Rail,170,Storm,Medium,1,6,5,1,Vendor Gamma Industries delivered shipment SHP0296 5 days late. Planned delivery was 1 days and actual delivery was 6 days.,Delivery: Supplier must deliver goods within 7 business days.,Non-Compliant,High,Shipment delayed by 5 day(s). Planned delivery: 1 days; Actual delivery: 6 days.,Review vendor performance and check the contract delay requirements.
SHP0297,Gamma Industries,Coimbatore,Hyderabad,Rail,1141,Rain,Medium,2,3,1,1,Vendor Gamma Industries delivered shipment SHP0297 1 days late. Planned delivery was 2 days and actual delivery was 3 days.,Delivery: Supplier must deliver goods within 7 business days.,Non-Compliant,High,Shipment delayed by 1 day(s). Planned delivery: 2 days; Actual delivery: 3 days.,Review vendor performance and check the contract delay requirements.
SHP0298,Zeta Manufacturing,Bangalore,Hyderabad,Air,1519,Storm,Low,3,6,3,1,Vendor Zeta Manufacturing delivered shipment SHP0298 3 days late. Planned delivery was 3 days and actual delivery was 6 days.,Delivery: Supplier must deliver goods within 7 business days.,Non-Compliant,High,Shipment delayed by 3 day(s). Planned delivery: 3 days; Actual delivery: 6 days.,Review vendor performance and check the contract delay requirements.
SHP0299,Delta Traders,Kochi,Mumbai,Rail,2058,Clear,Low,5,5,0,0,Vendor Delta Traders delivered shipment SHP0299 within the planned delivery period.,Delivery: Supplier must deliver goods within 7 business days.,Compliant,Low,No delivery delay detected.,Continue monitoring vendor performance.
SHP0300,Alpha Logistics,Kochi,Chennai,Air,875,Storm,Low,2,5,3,1,Vendor Alpha Logistics delivered shipment SHP0300 3 days late. Planned delivery was 2 days and actual delivery was 5 days.,Delivery: Supplier must deliver goods within 7 business days.,Non-Compliant,High,Shipment delayed by 3 day(s). Planned delivery: 2 days; Actual delivery: 5 days.,Review vendor performance and check the contract delay requirements.
SHP0301,Alpha Logistics,Bangalore,Coimbatore,Air,347,Clear,High,1,4,3,1,Vendor Alpha Logistics delivered shipment SHP0301 3 days late. Planned delivery was 1 days and actual delivery was 4 days.,Delivery: Supplier must deliver goods within 7 business days.,Non-Compliant,High,Shipment delayed by 3 day(s). Planned delivery: 1 days; Actual delivery: 4 days.,Review vendor performance and check the contract delay requirements.
SHP0302,Zeta Manufacturing,Mumbai,Delhi,Rail,695,Rain,Low,1,3,2,1,Vendor Zeta Manufacturing delivered shipment SHP0302 2 days late. Planned delivery was 1 days and actual delivery was 3 days.,Delivery: Supplier must deliver goods within 7 business days.,Non-Compliant,High,Shipment delayed by 2 day(s). Planned delivery: 1 days; Actual delivery: 3 days.,Review vendor performance and check the contract delay requirements.
SHP0303,Gamma Industries,Delhi,Hyderabad,Rail,1599,Clear,Medium,5,5,0,0,Vendor Gamma Industries delivered shipment SHP0303 within the planned delivery period.,Delivery: Supplier must deliver goods within 7 business days.,Compliant,Low,No delivery delay detected.,Continue monitoring vendor performance.
SHP0304,Omega Supplies,Chennai,Bangalore,Air,954,Rain,Low,2,3,1,1,Vendor Omega Supplies delivered shipment SHP0304 1 days late. Planned delivery was 2 days and actual delivery was 3 days.,Delivery: Supplier must deliver goods within 7 business days.,Non-Compliant,High,Shipment delayed by 1 day(s). Planned delivery: 2 days; Actual delivery: 3 days.,Review vendor performance and check the contract delay requirements.
SHP0305,Beta Suppliers,Hyderabad,Delhi,Air,737,Rain,High,1,4,3,1,Vendor Beta Suppliers delivered shipment SHP0305 3 days late. Planned delivery was 1 days and actual delivery was 4 days.,Delivery: Supplier must deliver goods within 7 business days.,Non-Compliant,High,Shipment delayed by 3 day(s). Planned delivery: 1 days; Actual delivery: 4 days.,Review vendor performance and check the contract delay requirements.
SHP0306,Epsilon Exports,Hyderabad,Coimbatore,Air,1101,Rain,Medium,4,8,4,1,Vendor Epsilon Exports delivered shipment SHP0306 4 days late. Planned delivery was 4 days and actual delivery was 8 days.,Delivery: Supplier must deliver goods within 7 business days.,Non-Compliant,High,Shipment delayed by 4 day(s). Planned delivery: 4 days; Actual delivery: 8 days.,Review vendor performance and check the contract delay requirements.
SHP0307,Gamma Industries,Pune,Kochi,Sea,1488,Rain,Low,4,6,2,1,Vendor Gamma Industries delivered shipment SHP0307 2 days late. Planned delivery was 4 days and actual delivery was 6 days.,Delivery: Supplier must deliver goods within 7 business days.,Non-Compliant,High,Shipment delayed by 2 day(s). Planned delivery: 4 days; Actual delivery: 6 days.,Review vendor performance and check the contract delay requirements.
SHP0308,Beta Suppliers,Chennai,Mumbai,Road,1355,Clear,Low,4,5,1,1,Vendor Beta Suppliers delivered shipment SHP0308 1 days late. Planned delivery was 4 days and actual delivery was 5 days.,Delivery: Supplier must deliver goods within 7 business days.,Non-Compliant,High,Shipment delayed by 1 day(s). Planned delivery: 4 days; Actual delivery: 5 days.,Review vendor performance and check the contract delay requirements.
SHP0309,Gamma Industries,Coimbatore,Delhi,Sea,176,Clear,Medium,1,2,1,1,Vendor Gamma Industries delivered shipment SHP0309 1 days late. Planned delivery was 1 days and actual delivery was 2 days.,Delivery: Supplier must deliver goods within 7 business days.,Non-Compliant,High,Shipment delayed by 1 day(s). Planned delivery: 1 days; Actual delivery: 2 days.,Review vendor performance and check the contract delay requirements.
SHP0310,Beta Suppliers,Delhi,Hyderabad,Rail,1726,Rain,Medium,3,5,2,1,Vendor Beta Suppliers delivered shipment SHP0310 2 days late. Planned delivery was 3 days and actual delivery was 5 days.,Delivery: Supplier must deliver goods within 7 business days.,Non-Compliant,High,Shipment delayed by 2 day(s). Planned delivery: 3 days; Actual delivery: 5 days.,Review vendor performance and check the contract delay requirements.
SHP0311,Delta Traders,Coimbatore,Chennai,Sea,2391,Rain,Medium,9,11,2,1,Vendor Delta Traders delivered shipment SHP0311 2 days late. Planned delivery was 9 days and actual delivery was 11 days.,Delivery: Supplier must deliver goods within 7 business days.,Non-Compliant,High,Shipment delayed by 2 day(s). Planned delivery: 9 days; Actual delivery: 11 days.,Review vendor performance and check the contract delay requirements.
SHP0312,Epsilon Exports,Kochi,Hyderabad,Road,155,Clear,Medium,1,1,0,0,Vendor Epsilon Exports delivered shipment SHP0312 within the planned delivery period.,Delivery: Supplier must deliver goods within 7 business days.,Compliant,Low,No delivery delay detected.,Continue monitoring vendor performance.
SHP0313,Epsilon Exports,Pune,Kochi,Sea,1135,Clear,Medium,3,5,2,1,Vendor Epsilon Exports delivered shipment SHP0313 2 days late. Planned delivery was 3 days and actual delivery was 5 days.,Delivery: Supplier must deliver goods within 7 business days.,Non-Compliant,High,Shipment delayed by 2 day(s). Planned delivery: 3 days; Actual delivery: 5 days.,Review vendor performance and check the contract delay requirements.
SHP0314,Gamma Industries,Kochi,Chennai,Air,1851,Clear,Low,5,5,0,0,Vendor Gamma Industries delivered shipment SHP0314 within the planned delivery period.,Delivery: Supplier must deliver goods within 7 business days.,Compliant,Low,No delivery delay detected.,Continue monitoring vendor performance.
SHP0315,Gamma Industries,Coimbatore,Delhi,Sea,2465,Clear,Low,7,10,3,1,Vendor Gamma Industries delivered shipment SHP0315 3 days late. Planned delivery was 7 days and actual delivery was 10 days.,Delivery: Supplier must deliver goods within 7 business days.,Non-Compliant,High,Shipment delayed by 3 day(s). Planned delivery: 7 days; Actual delivery: 10 days.,Review vendor performance and check the contract delay requirements.
SHP0316,Prime Logistics,Hyderabad,Kochi,Air,373,Clear,High,1,4,3,1,Vendor Prime Logistics delivered shipment SHP0316 3 days late. Planned delivery was 1 days and actual delivery was 4 days.,Delivery: Supplier must deliver goods within 7 business days.,Non-Compliant,High,Shipment delayed by 3 day(s). Planned delivery: 1 days; Actual delivery: 4 days.,Review vendor performance and check the contract delay requirements.
SHP0317,Beta Suppliers,Kochi,Bangalore,Rail,917,Storm,Low,2,4,2,1,Vendor Beta Suppliers delivered shipment SHP0317 2 days late. Planned delivery was 2 days and actual delivery was 4 days.,Delivery: Supplier must deliver goods within 7 business days.,Non-Compliant,High,Shipment delayed by 2 day(s). Planned delivery: 2 days; Actual delivery: 4 days.,Review vendor performance and check the contract delay requirements.
SHP0318,Delta Traders,Bangalore,Mumbai,Air,324,Clear,Medium,1,2,1,1,Vendor Delta Traders delivered shipment SHP0318 1 days late. Planned delivery was 1 days and actual delivery was 2 days.,Delivery: Supplier must deliver goods within 7 business days.,Non-Compliant,High,Shipment delayed by 1 day(s). Planned delivery: 1 days; Actual delivery: 2 days.,Review vendor performance and check the contract delay requirements.
SHP0319,Prime Logistics,Chennai,Pune,Road,1747,Clear,Medium,4,4,0,0,Vendor Prime Logistics delivered shipment SHP0319 within the planned delivery period.,Delivery: Supplier must deliver goods within 7 business days.,Compliant,Low,No delivery delay detected.,Continue monitoring vendor performance.
SHP0320,Epsilon Exports,Delhi,Pune,Air,1618,Rain,Medium,4,4,0,0,Vendor Epsilon Exports delivered shipment SHP0320 within the planned delivery period.,Delivery: Supplier must deliver goods within 7 business days.,Compliant,Low,No delivery delay detected.,Continue monitoring vendor performance.
SHP0321,Omega Supplies,Bangalore,Pune,Road,1671,Storm,Low,5,8,3,1,Vendor Omega Supplies delivered shipment SHP0321 3 days late. Planned delivery was 5 days and actual delivery was 8 days.,Delivery: Supplier must deliver goods within 7 business days.,Non-Compliant,High,Shipment delayed by 3 day(s). Planned delivery: 5 days; Actual delivery: 8 days.,Review vendor performance and check the contract delay requirements.
SHP0322,Epsilon Exports,Delhi,Chennai,Air,1291,Clear,High,2,5,3,1,Vendor Epsilon Exports delivered shipment SHP0322 3 days late. Planned delivery was 2 days and actual delivery was 5 days.,Delivery: Supplier must deliver goods within 7 business days.,Non-Compliant,High,Shipment delayed by 3 day(s). Planned delivery: 2 days; Actual delivery: 5 days.,Review vendor performance and check the contract delay requirements.
SHP0323,Delta Traders,Bangalore,Mumbai,Sea,1364,Clear,Low,3,3,0,0,Vendor Delta Traders delivered shipment SHP0323 within the planned delivery period.,Delivery: Supplier must deliver goods within 7 business days.,Compliant,Low,No delivery delay detected.,Continue monitoring vendor performance.
SHP0324,Prime Logistics,Hyderabad,Pune,Sea,2165,Storm,High,5,10,5,1,Vendor Prime Logistics delivered shipment SHP0324 5 days late. Planned delivery was 5 days and actual delivery was 10 days.,Delivery: Supplier must deliver goods within 7 business days.,Non-Compliant,High,Shipment delayed by 5 day(s). Planned delivery: 5 days; Actual delivery: 10 days.,Review vendor performance and check the contract delay requirements.
SHP0325,Gamma Industries,Chennai,Bangalore,Rail,872,Storm,Low,2,3,1,1,Vendor Gamma Industries delivered shipment SHP0325 1 days late. Planned delivery was 2 days and actual delivery was 3 days.,Delivery: Supplier must deliver goods within 7 business days.,Non-Compliant,High,Shipment delayed by 1 day(s). Planned delivery: 2 days; Actual delivery: 3 days.,Review vendor performance and check the contract delay requirements.
SHP0326,Delta Traders,Mumbai,Delhi,Sea,2118,Clear,High,4,5,1,1,Vendor Delta Traders delivered shipment SHP0326 1 days late. Planned delivery was 4 days and actual delivery was 5 days.,Delivery: Supplier must deliver goods within 7 business days.,Non-Compliant,High,Shipment delayed by 1 day(s). Planned delivery: 4 days; Actual delivery: 5 days.,Review vendor performance and check the contract delay requirements.
SHP0327,Prime Logistics,Kochi,Bangalore,Sea,2453,Rain,Low,5,8,3,1,Vendor Prime Logistics delivered shipment SHP0327 3 days late. Planned delivery was 5 days and actual delivery was 8 days.,Delivery: Supplier must deliver goods within 7 business days.,Non-Compliant,High,Shipment delayed by 3 day(s). Planned delivery: 5 days; Actual delivery: 8 days.,Review vendor performance and check the contract delay requirements.
SHP0328,Epsilon Exports,Chennai,Pune,Road,717,Storm,Medium,2,5,3,1,Vendor Epsilon Exports delivered shipment SHP0328 3 days late. Planned delivery was 2 days and actual delivery was 5 days.,Delivery: Supplier must deliver goods within 7 business days.,Non-Compliant,High,Shipment delayed by 3 day(s). Planned delivery: 2 days; Actual delivery: 5 days.,Review vendor performance and check the contract delay requirements.
SHP0329,Epsilon Exports,Pune,Chennai,Road,1991,Storm,Medium,4,5,1,1,Vendor Epsilon Exports delivered shipment SHP0329 1 days late. Planned delivery was 4 days and actual delivery was 5 days.,Delivery: Supplier must deliver goods within 7 business days.,Non-Compliant,High,Shipment delayed by 1 day(s). Planned delivery: 4 days; Actual delivery: 5 days.,Review vendor performance and check the contract delay requirements.
SHP0330,Epsilon Exports,Pune,Delhi,Sea,1082,Clear,Low,2,5,3,1,Vendor Epsilon Exports delivered shipment SHP0330 3 days late. Planned delivery was 2 days and actual delivery was 5 days.,Delivery: Supplier must deliver goods within 7 business days.,Non-Compliant,High,Shipment delayed by 3 day(s). Planned delivery: 2 days; Actual delivery: 5 days.,Review vendor performance and check the contract delay requirements.
SHP0331,Beta Suppliers,Chennai,Delhi,Air,1272,Rain,Medium,3,5,2,1,Vendor Beta Suppliers delivered shipment SHP0331 2 days late. Planned delivery was 3 days and actual delivery was 5 days.,Delivery: Supplier must deliver goods within 7 business days.,Non-Compliant,High,Shipment delayed by 2 day(s). Planned delivery: 3 days; Actual delivery: 5 days.,Review vendor performance and check the contract delay requirements.
SHP0332,Epsilon Exports,Mumbai,Hyderabad,Rail,2168,Rain,High,4,9,5,1,Vendor Epsilon Exports delivered shipment SHP0332 5 days late. Planned delivery was 4 days and actual delivery was 9 days.,Delivery: Supplier must deliver goods within 7 business days.,Non-Compliant,High,Shipment delayed by 5 day(s). Planned delivery: 4 days; Actual delivery: 9 days.,Review vendor performance and check the contract delay requirements.
SHP0333,Gamma Industries,Chennai,Kochi,Air,1112,Storm,Low,2,3,1,1,Vendor Gamma Industries delivered shipment SHP0333 1 days late. Planned delivery was 2 days and actual delivery was 3 days.,Delivery: Supplier must deliver goods within 7 business days.,Non-Compliant,High,Shipment delayed by 1 day(s). Planned delivery: 2 days; Actual delivery: 3 days.,Review vendor performance and check the contract delay requirements.
SHP0334,Zeta Manufacturing,Hyderabad,Kochi,Air,2127,Clear,Low,5,5,0,0,Vendor Zeta Manufacturing delivered shipment SHP0334 within the planned delivery period.,Delivery: Supplier must deliver goods within 7 business days.,Compliant,Low,No delivery delay detected.,Continue monitoring vendor performance.
SHP0335,Epsilon Exports,Coimbatore,Kochi,Rail,1109,Rain,Medium,2,4,2,1,Vendor Epsilon Exports delivered shipment SHP0335 2 days late. Planned delivery was 2 days and actual delivery was 4 days.,Delivery: Supplier must deliver goods within 7 business days.,Non-Compliant,High,Shipment delayed by 2 day(s). Planned delivery: 2 days; Actual delivery: 4 days.,Review vendor performance and check the contract delay requirements.
SHP0336,Delta Traders,Delhi,Hyderabad,Air,1772,Rain,Low,5,7,2,1,Vendor Delta Traders delivered shipment SHP0336 2 days late. Planned delivery was 5 days and actual delivery was 7 days.,Delivery: Supplier must deliver goods within 7 business days.,Non-Compliant,High,Shipment delayed by 2 day(s). Planned delivery: 5 days; Actual delivery: 7 days.,Review vendor performance and check the contract delay requirements.
SHP0337,Beta Suppliers,Kochi,Chennai,Road,1984,Storm,Medium,4,9,5,1,Vendor Beta Suppliers delivered shipment SHP0337 5 days late. Planned delivery was 4 days and actual delivery was 9 days.,Delivery: Supplier must deliver goods within 7 business days.,Non-Compliant,High,Shipment delayed by 5 day(s). Planned delivery: 4 days; Actual delivery: 9 days.,Review vendor performance and check the contract delay requirements.
SHP0338,Gamma Industries,Bangalore,Hyderabad,Air,1726,Fog,High,4,6,2,1,Vendor Gamma Industries delivered shipment SHP0338 2 days late. Planned delivery was 4 days and actual delivery was 6 days.,Delivery: Supplier must deliver goods within 7 business days.,Non-Compliant,High,Shipment delayed by 2 day(s). Planned delivery: 4 days; Actual delivery: 6 days.,Review vendor performance and check the contract delay requirements.
SHP0339,Beta Suppliers,Kochi,Delhi,Rail,1333,Rain,Low,4,5,1,1,Vendor Beta Suppliers delivered shipment SHP0339 1 days late. Planned delivery was 4 days and actual delivery was 5 days.,Delivery: Supplier must deliver goods within 7 business days.,Non-Compliant,High,Shipment delayed by 1 day(s). Planned delivery: 4 days; Actual delivery: 5 days.,Review vendor performance and check the contract delay requirements.
SHP0340,Gamma Industries,Kochi,Coimbatore,Rail,1826,Rain,Low,3,6,3,1,Vendor Gamma Industries delivered shipment SHP0340 3 days late. Planned delivery was 3 days and actual delivery was 6 days.,Delivery: Supplier must deliver goods within 7 business days.,Non-Compliant,High,Shipment delayed by 3 day(s). Planned delivery: 3 days; Actual delivery: 6 days.,Review vendor performance and check the contract delay requirements.
SHP0341,Alpha Logistics,Chennai,Hyderabad,Air,107,Storm,Medium,1,3,2,1,Vendor Alpha Logistics delivered shipment SHP0341 2 days late. Planned delivery was 1 days and actual delivery was 3 days.,Delivery: Supplier must deliver goods within 7 business days.,Non-Compliant,High,Shipment delayed by 2 day(s). Planned delivery: 1 days; Actual delivery: 3 days.,Review vendor performance and check the contract delay requirements.
SHP0342,Delta Traders,Hyderabad,Delhi,Air,578,Clear,Medium,1,1,0,0,Vendor Delta Traders delivered shipment SHP0342 within the planned delivery period.,Delivery: Supplier must deliver goods within 7 business days.,Compliant,Low,No delivery delay detected.,Continue monitoring vendor performance.
SHP0343,Alpha Logistics,Mumbai,Kochi,Air,1826,Storm,High,5,11,6,1,Vendor Alpha Logistics delivered shipment SHP0343 6 days late. Planned delivery was 5 days and actual delivery was 11 days.,Delivery: Supplier must deliver goods within 7 business days.,Non-Compliant,High,Shipment delayed by 6 day(s). Planned delivery: 5 days; Actual delivery: 11 days.,Review vendor performance and check the contract delay requirements.
SHP0344,Gamma Industries,Pune,Chennai,Rail,968,Rain,Low,2,2,0,0,Vendor Gamma Industries delivered shipment SHP0344 within the planned delivery period.,Delivery: Supplier must deliver goods within 7 business days.,Compliant,Low,No delivery delay detected.,Continue monitoring vendor performance.
SHP0345,Beta Suppliers,Delhi,Chennai,Sea,1097,Rain,Medium,2,4,2,1,Vendor Beta Suppliers delivered shipment SHP0345 2 days late. Planned delivery was 2 days and actual delivery was 4 days.,Delivery: Supplier must deliver goods within 7 business days.,Non-Compliant,High,Shipment delayed by 2 day(s). Planned delivery: 2 days; Actual delivery: 4 days.,Review vendor performance and check the contract delay requirements.
SHP0346,Alpha Logistics,Coimbatore,Pune,Sea,1607,Clear,Low,3,3,0,0,Vendor Alpha Logistics delivered shipment SHP0346 within the planned delivery period.,Delivery: Supplier must deliver goods within 7 business days.,Compliant,Low,No delivery delay detected.,Continue monitoring vendor performance.
SHP0347,Alpha Logistics,Mumbai,Pune,Road,2181,Clear,Medium,7,8,1,1,Vendor Alpha Logistics delivered shipment SHP0347 1 days late. Planned delivery was 7 days and actual delivery was 8 days.,Delivery: Supplier must deliver goods within 7 business days.,Non-Compliant,High,Shipment delayed by 1 day(s). Planned delivery: 7 days; Actual delivery: 8 days.,Review vendor performance and check the contract delay requirements.
SHP0348,Epsilon Exports,Coimbatore,Kochi,Rail,868,Rain,High,1,5,4,1,Vendor Epsilon Exports delivered shipment SHP0348 4 days late. Planned delivery was 1 days and actual delivery was 5 days.,Delivery: Supplier must deliver goods within 7 business days.,Non-Compliant,High,Shipment delayed by 4 day(s). Planned delivery: 1 days; Actual delivery: 5 days.,Review vendor performance and check the contract delay requirements.
SHP0349,Epsilon Exports,Bangalore,Chennai,Sea,900,Rain,Medium,2,4,2,1,Vendor Epsilon Exports delivered shipment SHP0349 2 days late. Planned delivery was 2 days and actual delivery was 4 days.,Delivery: Supplier must deliver goods within 7 business days.,Non-Compliant,High,Shipment delayed by 2 day(s). Planned delivery: 2 days; Actual delivery: 4 days.,Review vendor performance and check the contract delay requirements.
SHP0350,Beta Suppliers,Kochi,Bangalore,Road,2145,Clear,Medium,4,6,2,1,Vendor Beta Suppliers delivered shipment SHP0350 2 days late. Planned delivery was 4 days and actual delivery was 6 days.,Delivery: Supplier must deliver goods within 7 business days.,Non-Compliant,High,Shipment delayed by 2 day(s). Planned delivery: 4 days; Actual delivery: 6 days.,Review vendor performance and check the contract delay requirements.
SHP0351,Prime Logistics,Mumbai,Kochi,Road,458,Storm,High,1,7,6,1,Vendor Prime Logistics delivered shipment SHP0351 6 days late. Planned delivery was 1 days and actual delivery was 7 days.,Delivery: Supplier must deliver goods within 7 business days.,Non-Compliant,High,Shipment delayed by 6 day(s). Planned delivery: 1 days; Actual delivery: 7 days.,Review vendor performance and check the contract delay requirements.
SHP0352,Omega Supplies,Coimbatore,Chennai,Road,616,Rain,Low,1,4,3,1,Vendor Omega Supplies delivered shipment SHP0352 3 days late. Planned delivery was 1 days and actual delivery was 4 days.,Delivery: Supplier must deliver goods within 7 business days.,Non-Compliant,High,Shipment delayed by 3 day(s). Planned delivery: 1 days; Actual delivery: 4 days.,Review vendor performance and check the contract delay requirements.
SHP0353,Beta Suppliers,Delhi,Bangalore,Road,1691,Clear,Medium,3,6,3,1,Vendor Beta Suppliers delivered shipment SHP0353 3 days late. Planned delivery was 3 days and actual delivery was 6 days.,Delivery: Supplier must deliver goods within 7 business days.,Non-Compliant,High,Shipment delayed by 3 day(s). Planned delivery: 3 days; Actual delivery: 6 days.,Review vendor performance and check the contract delay requirements.
SHP0354,Omega Supplies,Bangalore,Coimbatore,Rail,290,Fog,High,1,6,5,1,Vendor Omega Supplies delivered shipment SHP0354 5 days late. Planned delivery was 1 days and actual delivery was 6 days.,Delivery: Supplier must deliver goods within 7 business days.,Non-Compliant,High,Shipment delayed by 5 day(s). Planned delivery: 1 days; Actual delivery: 6 days.,Review vendor performance and check the contract delay requirements.
SHP0355,Prime Logistics,Bangalore,Pune,Air,168,Storm,High,1,6,5,1,Vendor Prime Logistics delivered shipment SHP0355 5 days late. Planned delivery was 1 days and actual delivery was 6 days.,Delivery: Supplier must deliver goods within 7 business days.,Non-Compliant,High,Shipment delayed by 5 day(s). Planned delivery: 1 days; Actual delivery: 6 days.,Review vendor performance and check the contract delay requirements.
SHP0356,Beta Suppliers,Pune,Kochi,Road,309,Clear,Low,1,2,1,1,Vendor Beta Suppliers delivered shipment SHP0356 1 days late. Planned delivery was 1 days and actual delivery was 2 days.,Delivery: Supplier must deliver goods within 7 business days.,Non-Compliant,High,Shipment delayed by 1 day(s). Planned delivery: 1 days; Actual delivery: 2 days.,Review vendor performance and check the contract delay requirements.
SHP0357,Zeta Manufacturing,Coimbatore,Pune,Rail,2023,Clear,Medium,5,5,0,0,Vendor Zeta Manufacturing delivered shipment SHP0357 within the planned delivery period.,Delivery: Supplier must deliver goods within 7 business days.,Compliant,Low,No delivery delay detected.,Continue monitoring vendor performance.
SHP0358,Alpha Logistics,Bangalore,Kochi,Sea,727,Clear,Medium,2,4,2,1,Vendor Alpha Logistics delivered shipment SHP0358 2 days late. Planned delivery was 2 days and actual delivery was 4 days.,Delivery: Supplier must deliver goods within 7 business days.,Non-Compliant,High,Shipment delayed by 2 day(s). Planned delivery: 2 days; Actual delivery: 4 days.,Review vendor performance and check the contract delay requirements.
SHP0359,Delta Traders,Pune,Hyderabad,Road,1930,Clear,Medium,7,8,1,1,Vendor Delta Traders delivered shipment SHP0359 1 days late. Planned delivery was 7 days and actual delivery was 8 days.,Delivery: Supplier must deliver goods within 7 business days.,Non-Compliant,High,Shipment delayed by 1 day(s). Planned delivery: 7 days; Actual delivery: 8 days.,Review vendor performance and check the contract delay requirements.
SHP0360,Beta Suppliers,Kochi,Chennai,Road,1702,Clear,Medium,6,7,1,1,Vendor Beta Suppliers delivered shipment SHP0360 1 days late. Planned delivery was 6 days and actual delivery was 7 days.,Delivery: Supplier must deliver goods within 7 business days.,Non-Compliant,High,Shipment delayed by 1 day(s). Planned delivery: 6 days; Actual delivery: 7 days.,Review vendor performance and check the contract delay requirements.
SHP0361,Delta Traders,Kochi,Delhi,Air,272,Storm,High,1,8,7,1,Vendor Delta Traders delivered shipment SHP0361 7 days late. Planned delivery was 1 days and actual delivery was 8 days.,Delivery: Supplier must deliver goods within 7 business days.,Non-Compliant,High,Shipment delayed by 7 day(s). Planned delivery: 1 days; Actual delivery: 8 days.,Review vendor performance and check the contract delay requirements.
SHP0362,Prime Logistics,Coimbatore,Hyderabad,Road,1448,Clear,Medium,3,5,2,1,Vendor Prime Logistics delivered shipment SHP0362 2 days late. Planned delivery was 3 days and actual delivery was 5 days.,Delivery: Supplier must deliver goods within 7 business days.,Non-Compliant,High,Shipment delayed by 2 day(s). Planned delivery: 3 days; Actual delivery: 5 days.,Review vendor performance and check the contract delay requirements.
SHP0363,Beta Suppliers,Chennai,Bangalore,Sea,625,Storm,Medium,1,5,4,1,Vendor Beta Suppliers delivered shipment SHP0363 4 days late. Planned delivery was 1 days and actual delivery was 5 days.,Delivery: Supplier must deliver goods within 7 business days.,Non-Compliant,High,Shipment delayed by 4 day(s). Planned delivery: 1 days; Actual delivery: 5 days.,Review vendor performance and check the contract delay requirements.
SHP0364,Delta Traders,Coimbatore,Pune,Rail,1922,Storm,Low,5,7,2,1,Vendor Delta Traders delivered shipment SHP0364 2 days late. Planned delivery was 5 days and actual delivery was 7 days.,Delivery: Supplier must deliver goods within 7 business days.,Non-Compliant,High,Shipment delayed by 2 day(s). Planned delivery: 5 days; Actual delivery: 7 days.,Review vendor performance and check the contract delay requirements.
SHP0365,Alpha Logistics,Coimbatore,Kochi,Sea,2463,Fog,Low,6,8,2,1,Vendor Alpha Logistics delivered shipment SHP0365 2 days late. Planned delivery was 6 days and actual delivery was 8 days.,Delivery: Supplier must deliver goods within 7 business days.,Non-Compliant,High,Shipment delayed by 2 day(s). Planned delivery: 6 days; Actual delivery: 8 days.,Review vendor performance and check the contract delay requirements.
SHP0366,Omega Supplies,Kochi,Bangalore,Rail,575,Clear,Medium,1,3,2,1,Vendor Omega Supplies delivered shipment SHP0366 2 days late. Planned delivery was 1 days and actual delivery was 3 days.,Delivery: Supplier must deliver goods within 7 business days.,Non-Compliant,High,Shipment delayed by 2 day(s). Planned delivery: 1 days; Actual delivery: 3 days.,Review vendor performance and check the contract delay requirements.
SHP0367,Omega Supplies,Hyderabad,Mumbai,Sea,1454,Fog,Medium,5,8,3,1,Vendor Omega Supplies delivered shipment SHP0367 3 days late. Planned delivery was 5 days and actual delivery was 8 days.,Delivery: Supplier must deliver goods within 7 business days.,Non-Compliant,High,Shipment delayed by 3 day(s). Planned delivery: 5 days; Actual delivery: 8 days.,Review vendor performance and check the contract delay requirements.
SHP0368,Zeta Manufacturing,Hyderabad,Mumbai,Air,593,Fog,Medium,1,2,1,1,Vendor Zeta Manufacturing delivered shipment SHP0368 1 days late. Planned delivery was 1 days and actual delivery was 2 days.,Delivery: Supplier must deliver goods within 7 business days.,Non-Compliant,High,Shipment delayed by 1 day(s). Planned delivery: 1 days; Actual delivery: 2 days.,Review vendor performance and check the contract delay requirements.
SHP0369,Zeta Manufacturing,Kochi,Pune,Air,1780,Storm,Medium,6,10,4,1,Vendor Zeta Manufacturing delivered shipment SHP0369 4 days late. Planned delivery was 6 days and actual delivery was 10 days.,Delivery: Supplier must deliver goods within 7 business days.,Non-Compliant,High,Shipment delayed by 4 day(s). Planned delivery: 6 days; Actual delivery: 10 days.,Review vendor performance and check the contract delay requirements.
SHP0370,Alpha Logistics,Hyderabad,Mumbai,Rail,1223,Rain,Low,4,5,1,1,Vendor Alpha Logistics delivered shipment SHP0370 1 days late. Planned delivery was 4 days and actual delivery was 5 days.,Delivery: Supplier must deliver goods within 7 business days.,Non-Compliant,High,Shipment delayed by 1 day(s). Planned delivery: 4 days; Actual delivery: 5 days.,Review vendor performance and check the contract delay requirements.
SHP0371,Alpha Logistics,Delhi,Kochi,Road,2351,Storm,Medium,5,10,5,1,Vendor Alpha Logistics delivered shipment SHP0371 5 days late. Planned delivery was 5 days and actual delivery was 10 days.,Delivery: Supplier must deliver goods within 7 business days.,Non-Compliant,High,Shipment delayed by 5 day(s). Planned delivery: 5 days; Actual delivery: 10 days.,Review vendor performance and check the contract delay requirements.
SHP0372,Alpha Logistics,Pune,Delhi,Road,103,Rain,Low,1,3,2,1,Vendor Alpha Logistics delivered shipment SHP0372 2 days late. Planned delivery was 1 days and actual delivery was 3 days.,Delivery: Supplier must deliver goods within 7 business days.,Non-Compliant,High,Shipment delayed by 2 day(s). Planned delivery: 1 days; Actual delivery: 3 days.,Review vendor performance and check the contract delay requirements.
SHP0373,Delta Traders,Hyderabad,Mumbai,Sea,776,Fog,Low,1,3,2,1,Vendor Delta Traders delivered shipment SHP0373 2 days late. Planned delivery was 1 days and actual delivery was 3 days.,Delivery: Supplier must deliver goods within 7 business days.,Non-Compliant,High,Shipment delayed by 2 day(s). Planned delivery: 1 days; Actual delivery: 3 days.,Review vendor performance and check the contract delay requirements.
SHP0374,Omega Supplies,Chennai,Pune,Air,2329,Clear,Low,4,4,0,0,Vendor Omega Supplies delivered shipment SHP0374 within the planned delivery period.,Delivery: Supplier must deliver goods within 7 business days.,Compliant,Low,No delivery delay detected.,Continue monitoring vendor performance.
SHP0375,Alpha Logistics,Delhi,Kochi,Rail,213,Clear,Low,1,1,0,0,Vendor Alpha Logistics delivered shipment SHP0375 within the planned delivery period.,Delivery: Supplier must deliver goods within 7 business days.,Compliant,Low,No delivery delay detected.,Continue monitoring vendor performance.
SHP0376,Prime Logistics,Delhi,Coimbatore,Air,2202,Clear,Low,8,8,0,0,Vendor Prime Logistics delivered shipment SHP0376 within the planned delivery period.,Delivery: Supplier must deliver goods within 7 business days.,Compliant,Low,No delivery delay detected.,Continue monitoring vendor performance.
SHP0377,Omega Supplies,Pune,Coimbatore,Air,956,Storm,Medium,2,6,4,1,Vendor Omega Supplies delivered shipment SHP0377 4 days late. Planned delivery was 2 days and actual delivery was 6 days.,Delivery: Supplier must deliver goods within 7 business days.,Non-Compliant,High,Shipment delayed by 4 day(s). Planned delivery: 2 days; Actual delivery: 6 days.,Review vendor performance and check the contract delay requirements.
SHP0378,Prime Logistics,Chennai,Coimbatore,Air,1875,Clear,Medium,3,3,0,0,Vendor Prime Logistics delivered shipment SHP0378 within the planned delivery period.,Delivery: Supplier must deliver goods within 7 business days.,Compliant,Low,No delivery delay detected.,Continue monitoring vendor performance.
SHP0379,Zeta Manufacturing,Pune,Coimbatore,Sea,1100,Rain,Low,2,6,4,1,Vendor Zeta Manufacturing delivered shipment SHP0379 4 days late. Planned delivery was 2 days and actual delivery was 6 days.,Delivery: Supplier must deliver goods within 7 business days.,Non-Compliant,High,Shipment delayed by 4 day(s). Planned delivery: 2 days; Actual delivery: 6 days.,Review vendor performance and check the contract delay requirements.
SHP0380,Prime Logistics,Chennai,Mumbai,Rail,1362,Rain,High,4,7,3,1,Vendor Prime Logistics delivered shipment SHP0380 3 days late. Planned delivery was 4 days and actual delivery was 7 days.,Delivery: Supplier must deliver goods within 7 business days.,Non-Compliant,High,Shipment delayed by 3 day(s). Planned delivery: 4 days; Actual delivery: 7 days.,Review vendor performance and check the contract delay requirements.
SHP0381,Delta Traders,Hyderabad,Pune,Road,892,Rain,Medium,1,4,3,1,Vendor Delta Traders delivered shipment SHP0381 3 days late. Planned delivery was 1 days and actual delivery was 4 days.,Delivery: Supplier must deliver goods within 7 business days.,Non-Compliant,High,Shipment delayed by 3 day(s). Planned delivery: 1 days; Actual delivery: 4 days.,Review vendor performance and check the contract delay requirements.
SHP0382,Alpha Logistics,Kochi,Delhi,Road,408,Clear,Low,1,2,1,1,Vendor Alpha Logistics delivered shipment SHP0382 1 days late. Planned delivery was 1 days and actual delivery was 2 days.,Delivery: Supplier must deliver goods within 7 business days.,Non-Compliant,High,Shipment delayed by 1 day(s). Planned delivery: 1 days; Actual delivery: 2 days.,Review vendor performance and check the contract delay requirements.
SHP0383,Delta Traders,Mumbai,Pune,Sea,1897,Rain,Low,7,11,4,1,Vendor Delta Traders delivered shipment SHP0383 4 days late. Planned delivery was 7 days and actual delivery was 11 days.,Delivery: Supplier must deliver goods within 7 business days.,Non-Compliant,High,Shipment delayed by 4 day(s). Planned delivery: 7 days; Actual delivery: 11 days.,Review vendor performance and check the contract delay requirements.
SHP0384,Alpha Logistics,Coimbatore,Chennai,Road,1515,Storm,Low,3,7,4,1,Vendor Alpha Logistics delivered shipment SHP0384 4 days late. Planned delivery was 3 days and actual delivery was 7 days.,Delivery: Supplier must deliver goods within 7 business days.,Non-Compliant,High,Shipment delayed by 4 day(s). Planned delivery: 3 days; Actual delivery: 7 days.,Review vendor performance and check the contract delay requirements.
SHP0385,Epsilon Exports,Kochi,Pune,Sea,176,Clear,Medium,1,4,3,1,Vendor Epsilon Exports delivered shipment SHP0385 3 days late. Planned delivery was 1 days and actual delivery was 4 days.,Delivery: Supplier must deliver goods within 7 business days.,Non-Compliant,High,Shipment delayed by 3 day(s). Planned delivery: 1 days; Actual delivery: 4 days.,Review vendor performance and check the contract delay requirements.
SHP0386,Gamma Industries,Mumbai,Delhi,Road,2317,Storm,Low,8,11,3,1,Vendor Gamma Industries delivered shipment SHP0386 3 days late. Planned delivery was 8 days and actual delivery was 11 days.,Delivery: Supplier must deliver goods within 7 business days.,Non-Compliant,High,Shipment delayed by 3 day(s). Planned delivery: 8 days; Actual delivery: 11 days.,Review vendor performance and check the contract delay requirements.
SHP0387,Beta Suppliers,Mumbai,Hyderabad,Air,917,Clear,Medium,2,2,0,0,Vendor Beta Suppliers delivered shipment SHP0387 within the planned delivery period.,Delivery: Supplier must deliver goods within 7 business days.,Compliant,Low,No delivery delay detected.,Continue monitoring vendor performance.
SHP0388,Gamma Industries,Hyderabad,Mumbai,Rail,519,Clear,Medium,1,2,1,1,Vendor Gamma Industries delivered shipment SHP0388 1 days late. Planned delivery was 1 days and actual delivery was 2 days.,Delivery: Supplier must deliver goods within 7 business days.,Non-Compliant,High,Shipment delayed by 1 day(s). Planned delivery: 1 days; Actual delivery: 2 days.,Review vendor performance and check the contract delay requirements.
SHP0389,Beta Suppliers,Mumbai,Coimbatore,Air,452,Clear,Medium,1,2,1,1,Vendor Beta Suppliers delivered shipment SHP0389 1 days late. Planned delivery was 1 days and actual delivery was 2 days.,Delivery: Supplier must deliver goods within 7 business days.,Non-Compliant,High,Shipment delayed by 1 day(s). Planned delivery: 1 days; Actual delivery: 2 days.,Review vendor performance and check the contract delay requirements.
SHP0390,Gamma Industries,Hyderabad,Coimbatore,Air,335,Storm,Low,1,4,3,1,Vendor Gamma Industries delivered shipment SHP0390 3 days late. Planned delivery was 1 days and actual delivery was 4 days.,Delivery: Supplier must deliver goods within 7 business days.,Non-Compliant,High,Shipment delayed by 3 day(s). Planned delivery: 1 days; Actual delivery: 4 days.,Review vendor performance and check the contract delay requirements.
SHP0391,Gamma Industries,Delhi,Pune,Rail,69,Clear,Medium,1,2,1,1,Vendor Gamma Industries delivered shipment SHP0391 1 days late. Planned delivery was 1 days and actual delivery was 2 days.,Delivery: Supplier must deliver goods within 7 business days.,Non-Compliant,High,Shipment delayed by 1 day(s). Planned delivery: 1 days; Actual delivery: 2 days.,Review vendor performance and check the contract delay requirements.
SHP0392,Zeta Manufacturing,Bangalore,Delhi,Sea,1945,Clear,Medium,5,5,0,0,Vendor Zeta Manufacturing delivered shipment SHP0392 within the planned delivery period.,Delivery: Supplier must deliver goods within 7 business days.,Compliant,Low,No delivery delay detected.,Continue monitoring vendor performance.
SHP0393,Epsilon Exports,Bangalore,Hyderabad,Air,363,Rain,High,1,5,4,1,Vendor Epsilon Exports delivered shipment SHP0393 4 days late. Planned delivery was 1 days and actual delivery was 5 days.,Delivery: Supplier must deliver goods within 7 business days.,Non-Compliant,High,Shipment delayed by 4 day(s). Planned delivery: 1 days; Actual delivery: 5 days.,Review vendor performance and check the contract delay requirements.
SHP0394,Delta Traders,Chennai,Mumbai,Sea,658,Clear,Low,1,3,2,1,Vendor Delta Traders delivered shipment SHP0394 2 days late. Planned delivery was 1 days and actual delivery was 3 days.,Delivery: Supplier must deliver goods within 7 business days.,Non-Compliant,High,Shipment delayed by 2 day(s). Planned delivery: 1 days; Actual delivery: 3 days.,Review vendor performance and check the contract delay requirements.
SHP0395,Gamma Industries,Kochi,Coimbatore,Sea,1540,Rain,Medium,3,5,2,1,Vendor Gamma Industries delivered shipment SHP0395 2 days late. Planned delivery was 3 days and actual delivery was 5 days.,Delivery: Supplier must deliver goods within 7 business days.,Non-Compliant,High,Shipment delayed by 2 day(s). Planned delivery: 3 days; Actual delivery: 5 days.,Review vendor performance and check the contract delay requirements.
SHP0396,Gamma Industries,Bangalore,Kochi,Air,215,Clear,Medium,1,2,1,1,Vendor Gamma Industries delivered shipment SHP0396 1 days late. Planned delivery was 1 days and actual delivery was 2 days.,Delivery: Supplier must deliver goods within 7 business days.,Non-Compliant,High,Shipment delayed by 1 day(s). Planned delivery: 1 days; Actual delivery: 2 days.,Review vendor performance and check the contract delay requirements.
SHP0397,Delta Traders,Chennai,Hyderabad,Air,1639,Clear,Medium,6,6,0,0,Vendor Delta Traders delivered shipment SHP0397 within the planned delivery period.,Delivery: Supplier must deliver goods within 7 business days.,Compliant,Low,No delivery delay detected.,Continue monitoring vendor performance.
SHP0398,Beta Suppliers,Mumbai,Bangalore,Sea,1600,Clear,Medium,3,5,2,1,Vendor Beta Suppliers delivered shipment SHP0398 2 days late. Planned delivery was 3 days and actual delivery was 5 days.,Delivery: Supplier must deliver goods within 7 business days.,Non-Compliant,High,Shipment delayed by 2 day(s). Planned delivery: 3 days; Actual delivery: 5 days.,Review vendor performance and check the contract delay requirements.
SHP0399,Omega Supplies,Hyderabad,Pune,Air,1463,Clear,Medium,3,3,0,0,Vendor Omega Supplies delivered shipment SHP0399 within the planned delivery period.,Delivery: Supplier must deliver goods within 7 business days.,Compliant,Low,No delivery delay detected.,Continue monitoring vendor performance.
SHP0400,Prime Logistics,Bangalore,Hyderabad,Road,2157,Rain,Low,7,8,1,1,Vendor Prime Logistics delivered shipment SHP0400 1 days late. Planned delivery was 7 days and actual delivery was 8 days.,Delivery: Supplier must deliver goods within 7 business days.,Non-Compliant,High,Shipment delayed by 1 day(s). Planned delivery: 7 days; Actual delivery: 8 days.,Review vendor performance and check the contract delay requirements.
SHP0401,Delta Traders,Pune,Delhi,Road,2022,Rain,Medium,5,7,2,1,Vendor Delta Traders delivered shipment SHP0401 2 days late. Planned delivery was 5 days and actual delivery was 7 days.,Delivery: Supplier must deliver goods within 7 business days.,Non-Compliant,High,Shipment delayed by 2 day(s). Planned delivery: 5 days; Actual delivery: 7 days.,Review vendor performance and check the contract delay requirements.
SHP0402,Alpha Logistics,Bangalore,Chennai,Rail,279,Clear,High,1,3,2,1,Vendor Alpha Logistics delivered shipment SHP0402 2 days late. Planned delivery was 1 days and actual delivery was 3 days.,Delivery: Supplier must deliver goods within 7 business days.,Non-Compliant,High,Shipment delayed by 2 day(s). Planned delivery: 1 days; Actual delivery: 3 days.,Review vendor performance and check the contract delay requirements.
SHP0403,Epsilon Exports,Coimbatore,Hyderabad,Sea,1980,Storm,Low,4,10,6,1,Vendor Epsilon Exports delivered shipment SHP0403 6 days late. Planned delivery was 4 days and actual delivery was 10 days.,Delivery: Supplier must deliver goods within 7 business days.,Non-Compliant,High,Shipment delayed by 6 day(s). Planned delivery: 4 days; Actual delivery: 10 days.,Review vendor performance and check the contract delay requirements.
SHP0404,Gamma Industries,Mumbai,Bangalore,Air,1907,Rain,Low,5,7,2,1,Vendor Gamma Industries delivered shipment SHP0404 2 days late. Planned delivery was 5 days and actual delivery was 7 days.,Delivery: Supplier must deliver goods within 7 business days.,Non-Compliant,High,Shipment delayed by 2 day(s). Planned delivery: 5 days; Actual delivery: 7 days.,Review vendor performance and check the contract delay requirements.
SHP0405,Beta Suppliers,Chennai,Hyderabad,Sea,662,Rain,Low,1,3,2,1,Vendor Beta Suppliers delivered shipment SHP0405 2 days late. Planned delivery was 1 days and actual delivery was 3 days.,Delivery: Supplier must deliver goods within 7 business days.,Non-Compliant,High,Shipment delayed by 2 day(s). Planned delivery: 1 days; Actual delivery: 3 days.,Review vendor performance and check the contract delay requirements.
SHP0406,Beta Suppliers,Kochi,Bangalore,Road,1817,Rain,Low,6,9,3,1,Vendor Beta Suppliers delivered shipment SHP0406 3 days late. Planned delivery was 6 days and actual delivery was 9 days.,Delivery: Supplier must deliver goods within 7 business days.,Non-Compliant,High,Shipment delayed by 3 day(s). Planned delivery: 6 days; Actual delivery: 9 days.,Review vendor performance and check the contract delay requirements.
SHP0407,Omega Supplies,Delhi,Coimbatore,Sea,598,Clear,Medium,1,3,2,1,Vendor Omega Supplies delivered shipment SHP0407 2 days late. Planned delivery was 1 days and actual delivery was 3 days.,Delivery: Supplier must deliver goods within 7 business days.,Non-Compliant,High,Shipment delayed by 2 day(s). Planned delivery: 1 days; Actual delivery: 3 days.,Review vendor performance and check the contract delay requirements.
SHP0408,Epsilon Exports,Hyderabad,Chennai,Road,2417,Rain,Medium,6,8,2,1,Vendor Epsilon Exports delivered shipment SHP0408 2 days late. Planned delivery was 6 days and actual delivery was 8 days.,Delivery: Supplier must deliver goods within 7 business days.,Non-Compliant,High,Shipment delayed by 2 day(s). Planned delivery: 6 days; Actual delivery: 8 days.,Review vendor performance and check the contract delay requirements.
SHP0409,Beta Suppliers,Bangalore,Pune,Air,1120,Storm,Low,3,7,4,1,Vendor Beta Suppliers delivered shipment SHP0409 4 days late. Planned delivery was 3 days and actual delivery was 7 days.,Delivery: Supplier must deliver goods within 7 business days.,Non-Compliant,High,Shipment delayed by 4 day(s). Planned delivery: 3 days; Actual delivery: 7 days.,Review vendor performance and check the contract delay requirements.
SHP0410,Delta Traders,Pune,Kochi,Rail,1566,Rain,Medium,4,6,2,1,Vendor Delta Traders delivered shipment SHP0410 2 days late. Planned delivery was 4 days and actual delivery was 6 days.,Delivery: Supplier must deliver goods within 7 business days.,Non-Compliant,High,Shipment delayed by 2 day(s). Planned delivery: 4 days; Actual delivery: 6 days.,Review vendor performance and check the contract delay requirements.
SHP0411,Beta Suppliers,Hyderabad,Kochi,Rail,460,Clear,Low,1,1,0,0,Vendor Beta Suppliers delivered shipment SHP0411 within the planned delivery period.,Delivery: Supplier must deliver goods within 7 business days.,Compliant,Low,No delivery delay detected.,Continue monitoring vendor performance.
SHP0412,Gamma Industries,Pune,Chennai,Road,645,Clear,Medium,2,2,0,0,Vendor Gamma Industries delivered shipment SHP0412 within the planned delivery period.,Delivery: Supplier must deliver goods within 7 business days.,Compliant,Low,No delivery delay detected.,Continue monitoring vendor performance.
SHP0413,Zeta Manufacturing,Coimbatore,Chennai,Sea,1691,Rain,Medium,3,6,3,1,Vendor Zeta Manufacturing delivered shipment SHP0413 3 days late. Planned delivery was 3 days and actual delivery was 6 days.,Delivery: Supplier must deliver goods within 7 business days.,Non-Compliant,High,Shipment delayed by 3 day(s). Planned delivery: 3 days; Actual delivery: 6 days.,Review vendor performance and check the contract delay requirements.
SHP0414,Prime Logistics,Chennai,Hyderabad,Air,847,Clear,Medium,2,2,0,0,Vendor Prime Logistics delivered shipment SHP0414 within the planned delivery period.,Delivery: Supplier must deliver goods within 7 business days.,Compliant,Low,No delivery delay detected.,Continue monitoring vendor performance.
SHP0415,Alpha Logistics,Delhi,Hyderabad,Road,694,Clear,Low,1,2,1,1,Vendor Alpha Logistics delivered shipment SHP0415 1 days late. Planned delivery was 1 days and actual delivery was 2 days.,Delivery: Supplier must deliver goods within 7 business days.,Non-Compliant,High,Shipment delayed by 1 day(s). Planned delivery: 1 days; Actual delivery: 2 days.,Review vendor performance and check the contract delay requirements.
SHP0416,Omega Supplies,Hyderabad,Chennai,Road,419,Rain,Medium,1,3,2,1,Vendor Omega Supplies delivered shipment SHP0416 2 days late. Planned delivery was 1 days and actual delivery was 3 days.,Delivery: Supplier must deliver goods within 7 business days.,Non-Compliant,High,Shipment delayed by 2 day(s). Planned delivery: 1 days; Actual delivery: 3 days.,Review vendor performance and check the contract delay requirements.
SHP0417,Delta Traders,Kochi,Pune,Road,1119,Clear,Medium,2,3,1,1,Vendor Delta Traders delivered shipment SHP0417 1 days late. Planned delivery was 2 days and actual delivery was 3 days.,Delivery: Supplier must deliver goods within 7 business days.,Non-Compliant,High,Shipment delayed by 1 day(s). Planned delivery: 2 days; Actual delivery: 3 days.,Review vendor performance and check the contract delay requirements.
SHP0418,Zeta Manufacturing,Coimbatore,Mumbai,Air,1863,Fog,Medium,4,6,2,1,Vendor Zeta Manufacturing delivered shipment SHP0418 2 days late. Planned delivery was 4 days and actual delivery was 6 days.,Delivery: Supplier must deliver goods within 7 business days.,Non-Compliant,High,Shipment delayed by 2 day(s). Planned delivery: 4 days; Actual delivery: 6 days.,Review vendor performance and check the contract delay requirements.
SHP0419,Prime Logistics,Chennai,Kochi,Road,1106,Clear,Medium,3,4,1,1,Vendor Prime Logistics delivered shipment SHP0419 1 days late. Planned delivery was 3 days and actual delivery was 4 days.,Delivery: Supplier must deliver goods within 7 business days.,Non-Compliant,High,Shipment delayed by 1 day(s). Planned delivery: 3 days; Actual delivery: 4 days.,Review vendor performance and check the contract delay requirements.
SHP0420,Zeta Manufacturing,Chennai,Mumbai,Rail,1226,Clear,Medium,2,3,1,1,Vendor Zeta Manufacturing delivered shipment SHP0420 1 days late. Planned delivery was 2 days and actual delivery was 3 days.,Delivery: Supplier must deliver goods within 7 business days.,Non-Compliant,High,Shipment delayed by 1 day(s). Planned delivery: 2 days; Actual delivery: 3 days.,Review vendor performance and check the contract delay requirements.
SHP0421,Gamma Industries,Kochi,Delhi,Air,945,Storm,Low,1,4,3,1,Vendor Gamma Industries delivered shipment SHP0421 3 days late. Planned delivery was 1 days and actual delivery was 4 days.,Delivery: Supplier must deliver goods within 7 business days.,Non-Compliant,High,Shipment delayed by 3 day(s). Planned delivery: 1 days; Actual delivery: 4 days.,Review vendor performance and check the contract delay requirements.
SHP0422,Delta Traders,Hyderabad,Mumbai,Rail,988,Clear,Low,2,2,0,0,Vendor Delta Traders delivered shipment SHP0422 within the planned delivery period.,Delivery: Supplier must deliver goods within 7 business days.,Compliant,Low,No delivery delay detected.,Continue monitoring vendor performance.
SHP0423,Gamma Industries,Coimbatore,Kochi,Road,2267,Fog,High,6,10,4,1,Vendor Gamma Industries delivered shipment SHP0423 4 days late. Planned delivery was 6 days and actual delivery was 10 days.,Delivery: Supplier must deliver goods within 7 business days.,Non-Compliant,High,Shipment delayed by 4 day(s). Planned delivery: 6 days; Actual delivery: 10 days.,Review vendor performance and check the contract delay requirements.
SHP0424,Prime Logistics,Bangalore,Mumbai,Sea,959,Rain,Low,2,5,3,1,Vendor Prime Logistics delivered shipment SHP0424 3 days late. Planned delivery was 2 days and actual delivery was 5 days.,Delivery: Supplier must deliver goods within 7 business days.,Non-Compliant,High,Shipment delayed by 3 day(s). Planned delivery: 2 days; Actual delivery: 5 days.,Review vendor performance and check the contract delay requirements.
SHP0425,Zeta Manufacturing,Pune,Bangalore,Sea,543,Rain,Medium,1,3,2,1,Vendor Zeta Manufacturing delivered shipment SHP0425 2 days late. Planned delivery was 1 days and actual delivery was 3 days.,Delivery: Supplier must deliver goods within 7 business days.,Non-Compliant,High,Shipment delayed by 2 day(s). Planned delivery: 1 days; Actual delivery: 3 days.,Review vendor performance and check the contract delay requirements.
SHP0426,Omega Supplies,Coimbatore,Delhi,Air,1113,Clear,Low,3,4,1,1,Vendor Omega Supplies delivered shipment SHP0426 1 days late. Planned delivery was 3 days and actual delivery was 4 days.,Delivery: Supplier must deliver goods within 7 business days.,Non-Compliant,High,Shipment delayed by 1 day(s). Planned delivery: 3 days; Actual delivery: 4 days.,Review vendor performance and check the contract delay requirements.
SHP0427,Zeta Manufacturing,Delhi,Bangalore,Sea,1786,Clear,Medium,5,7,2,1,Vendor Zeta Manufacturing delivered shipment SHP0427 2 days late. Planned delivery was 5 days and actual delivery was 7 days.,Delivery: Supplier must deliver goods within 7 business days.,Non-Compliant,High,Shipment delayed by 2 day(s). Planned delivery: 5 days; Actual delivery: 7 days.,Review vendor performance and check the contract delay requirements.
SHP0428,Prime Logistics,Bangalore,Hyderabad,Road,1155,Storm,Medium,2,6,4,1,Vendor Prime Logistics delivered shipment SHP0428 4 days late. Planned delivery was 2 days and actual delivery was 6 days.,Delivery: Supplier must deliver goods within 7 business days.,Non-Compliant,High,Shipment delayed by 4 day(s). Planned delivery: 2 days; Actual delivery: 6 days.,Review vendor performance and check the contract delay requirements.
SHP0429,Prime Logistics,Chennai,Bangalore,Sea,2096,Clear,High,5,10,5,1,Vendor Prime Logistics delivered shipment SHP0429 5 days late. Planned delivery was 5 days and actual delivery was 10 days.,Delivery: Supplier must deliver goods within 7 business days.,Non-Compliant,High,Shipment delayed by 5 day(s). Planned delivery: 5 days; Actual delivery: 10 days.,Review vendor performance and check the contract delay requirements.
SHP0430,Prime Logistics,Mumbai,Chennai,Sea,455,Rain,Low,1,3,2,1,Vendor Prime Logistics delivered shipment SHP0430 2 days late. Planned delivery was 1 days and actual delivery was 3 days.,Delivery: Supplier must deliver goods within 7 business days.,Non-Compliant,High,Shipment delayed by 2 day(s). Planned delivery: 1 days; Actual delivery: 3 days.,Review vendor performance and check the contract delay requirements.
SHP0431,Prime Logistics,Delhi,Mumbai,Air,1525,Rain,High,4,7,3,1,Vendor Prime Logistics delivered shipment SHP0431 3 days late. Planned delivery was 4 days and actual delivery was 7 days.,Delivery: Supplier must deliver goods within 7 business days.,Non-Compliant,High,Shipment delayed by 3 day(s). Planned delivery: 4 days; Actual delivery: 7 days.,Review vendor performance and check the contract delay requirements.
SHP0432,Beta Suppliers,Delhi,Hyderabad,Rail,1215,Clear,Medium,3,4,1,1,Vendor Beta Suppliers delivered shipment SHP0432 1 days late. Planned delivery was 3 days and actual delivery was 4 days.,Delivery: Supplier must deliver goods within 7 business days.,Non-Compliant,High,Shipment delayed by 1 day(s). Planned delivery: 3 days; Actual delivery: 4 days.,Review vendor performance and check the contract delay requirements.
SHP0433,Omega Supplies,Mumbai,Kochi,Rail,736,Rain,High,2,5,3,1,Vendor Omega Supplies delivered shipment SHP0433 3 days late. Planned delivery was 2 days and actual delivery was 5 days.,Delivery: Supplier must deliver goods within 7 business days.,Non-Compliant,High,Shipment delayed by 3 day(s). Planned delivery: 2 days; Actual delivery: 5 days.,Review vendor performance and check the contract delay requirements.
SHP0434,Gamma Industries,Delhi,Hyderabad,Air,1347,Rain,Medium,3,7,4,1,Vendor Gamma Industries delivered shipment SHP0434 4 days late. Planned delivery was 3 days and actual delivery was 7 days.,Delivery: Supplier must deliver goods within 7 business days.,Non-Compliant,High,Shipment delayed by 4 day(s). Planned delivery: 3 days; Actual delivery: 7 days.,Review vendor performance and check the contract delay requirements.
SHP0435,Zeta Manufacturing,Kochi,Pune,Rail,803,Storm,Low,2,5,3,1,Vendor Zeta Manufacturing delivered shipment SHP0435 3 days late. Planned delivery was 2 days and actual delivery was 5 days.,Delivery: Supplier must deliver goods within 7 business days.,Non-Compliant,High,Shipment delayed by 3 day(s). Planned delivery: 2 days; Actual delivery: 5 days.,Review vendor performance and check the contract delay requirements.
SHP0436,Delta Traders,Bangalore,Pune,Road,441,Clear,High,1,3,2,1,Vendor Delta Traders delivered shipment SHP0436 2 days late. Planned delivery was 1 days and actual delivery was 3 days.,Delivery: Supplier must deliver goods within 7 business days.,Non-Compliant,High,Shipment delayed by 2 day(s). Planned delivery: 1 days; Actual delivery: 3 days.,Review vendor performance and check the contract delay requirements.
SHP0437,Beta Suppliers,Coimbatore,Mumbai,Rail,395,Rain,High,1,3,2,1,Vendor Beta Suppliers delivered shipment SHP0437 2 days late. Planned delivery was 1 days and actual delivery was 3 days.,Delivery: Supplier must deliver goods within 7 business days.,Non-Compliant,High,Shipment delayed by 2 day(s). Planned delivery: 1 days; Actual delivery: 3 days.,Review vendor performance and check the contract delay requirements.
SHP0438,Prime Logistics,Bangalore,Chennai,Road,1511,Storm,Low,4,9,5,1,Vendor Prime Logistics delivered shipment SHP0438 5 days late. Planned delivery was 4 days and actual delivery was 9 days.,Delivery: Supplier must deliver goods within 7 business days.,Non-Compliant,High,Shipment delayed by 5 day(s). Planned delivery: 4 days; Actual delivery: 9 days.,Review vendor performance and check the contract delay requirements.
SHP0439,Prime Logistics,Bangalore,Kochi,Sea,2194,Rain,Medium,4,8,4,1,Vendor Prime Logistics delivered shipment SHP0439 4 days late. Planned delivery was 4 days and actual delivery was 8 days.,Delivery: Supplier must deliver goods within 7 business days.,Non-Compliant,High,Shipment delayed by 4 day(s). Planned delivery: 4 days; Actual delivery: 8 days.,Review vendor performance and check the contract delay requirements.
SHP0440,Beta Suppliers,Kochi,Mumbai,Air,1738,Clear,Low,6,6,0,0,Vendor Beta Suppliers delivered shipment SHP0440 within the planned delivery period.,Delivery: Supplier must deliver goods within 7 business days.,Compliant,Low,No delivery delay detected.,Continue monitoring vendor performance.
SHP0441,Zeta Manufacturing,Mumbai,Kochi,Road,2064,Storm,Medium,8,14,6,1,Vendor Zeta Manufacturing delivered shipment SHP0441 6 days late. Planned delivery was 8 days and actual delivery was 14 days.,Delivery: Supplier must deliver goods within 7 business days.,Non-Compliant,High,Shipment delayed by 6 day(s). Planned delivery: 8 days; Actual delivery: 14 days.,Review vendor performance and check the contract delay requirements.
SHP0442,Alpha Logistics,Delhi,Hyderabad,Sea,2346,Clear,Low,5,8,3,1,Vendor Alpha Logistics delivered shipment SHP0442 3 days late. Planned delivery was 5 days and actual delivery was 8 days.,Delivery: Supplier must deliver goods within 7 business days.,Non-Compliant,High,Shipment delayed by 3 day(s). Planned delivery: 5 days; Actual delivery: 8 days.,Review vendor performance and check the contract delay requirements.
SHP0443,Omega Supplies,Hyderabad,Mumbai,Road,1779,Rain,Medium,3,6,3,1,Vendor Omega Supplies delivered shipment SHP0443 3 days late. Planned delivery was 3 days and actual delivery was 6 days.,Delivery: Supplier must deliver goods within 7 business days.,Non-Compliant,High,Shipment delayed by 3 day(s). Planned delivery: 3 days; Actual delivery: 6 days.,Review vendor performance and check the contract delay requirements.
SHP0444,Omega Supplies,Hyderabad,Coimbatore,Rail,609,Clear,Medium,1,2,1,1,Vendor Omega Supplies delivered shipment SHP0444 1 days late. Planned delivery was 1 days and actual delivery was 2 days.,Delivery: Supplier must deliver goods within 7 business days.,Non-Compliant,High,Shipment delayed by 1 day(s). Planned delivery: 1 days; Actual delivery: 2 days.,Review vendor performance and check the contract delay requirements.
SHP0445,Prime Logistics,Hyderabad,Delhi,Road,673,Clear,Medium,2,2,0,0,Vendor Prime Logistics delivered shipment SHP0445 within the planned delivery period.,Delivery: Supplier must deliver goods within 7 business days.,Compliant,Low,No delivery delay detected.,Continue monitoring vendor performance.
SHP0446,Gamma Industries,Kochi,Chennai,Rail,419,Clear,Medium,1,2,1,1,Vendor Gamma Industries delivered shipment SHP0446 1 days late. Planned delivery was 1 days and actual delivery was 2 days.,Delivery: Supplier must deliver goods within 7 business days.,Non-Compliant,High,Shipment delayed by 1 day(s). Planned delivery: 1 days; Actual delivery: 2 days.,Review vendor performance and check the contract delay requirements.
SHP0447,Prime Logistics,Delhi,Kochi,Road,1402,Clear,Medium,4,5,1,1,Vendor Prime Logistics delivered shipment SHP0447 1 days late. Planned delivery was 4 days and actual delivery was 5 days.,Delivery: Supplier must deliver goods within 7 business days.,Non-Compliant,High,Shipment delayed by 1 day(s). Planned delivery: 4 days; Actual delivery: 5 days.,Review vendor performance and check the contract delay requirements.
SHP0448,Beta Suppliers,Kochi,Bangalore,Rail,1074,Storm,High,3,8,5,1,Vendor Beta Suppliers delivered shipment SHP0448 5 days late. Planned delivery was 3 days and actual delivery was 8 days.,Delivery: Supplier must deliver goods within 7 business days.,Non-Compliant,High,Shipment delayed by 5 day(s). Planned delivery: 3 days; Actual delivery: 8 days.,Review vendor performance and check the contract delay requirements.
SHP0449,Delta Traders,Chennai,Hyderabad,Sea,434,Rain,High,1,7,6,1,Vendor Delta Traders delivered shipment SHP0449 6 days late. Planned delivery was 1 days and actual delivery was 7 days.,Delivery: Supplier must deliver goods within 7 business days.,Non-Compliant,High,Shipment delayed by 6 day(s). Planned delivery: 1 days; Actual delivery: 7 days.,Review vendor performance and check the contract delay requirements.
SHP0450,Gamma Industries,Chennai,Coimbatore,Air,2021,Rain,Low,4,4,0,0,Vendor Gamma Industries delivered shipment SHP0450 within the planned delivery period.,Delivery: Supplier must deliver goods within 7 business days.,Compliant,Low,No delivery delay detected.,Continue monitoring vendor performance.
SHP0451,Beta Suppliers,Hyderabad,Pune,Air,111,Clear,Low,1,2,1,1,Vendor Beta Suppliers delivered shipment SHP0451 1 days late. Planned delivery was 1 days and actual delivery was 2 days.,Delivery: Supplier must deliver goods within 7 business days.,Non-Compliant,High,Shipment delayed by 1 day(s). Planned delivery: 1 days; Actual delivery: 2 days.,Review vendor performance and check the contract delay requirements.
SHP0452,Delta Traders,Chennai,Kochi,Rail,1571,Rain,Low,4,4,0,0,Vendor Delta Traders delivered shipment SHP0452 within the planned delivery period.,Delivery: Supplier must deliver goods within 7 business days.,Compliant,Low,No delivery delay detected.,Continue monitoring vendor performance.
SHP0453,Alpha Logistics,Chennai,Delhi,Rail,2246,Rain,Low,7,8,1,1,Vendor Alpha Logistics delivered shipment SHP0453 1 days late. Planned delivery was 7 days and actual delivery was 8 days.,Delivery: Supplier must deliver goods within 7 business days.,Non-Compliant,High,Shipment delayed by 1 day(s). Planned delivery: 7 days; Actual delivery: 8 days.,Review vendor performance and check the contract delay requirements.
SHP0454,Prime Logistics,Hyderabad,Chennai,Sea,1517,Rain,Low,5,10,5,1,Vendor Prime Logistics delivered shipment SHP0454 5 days late. Planned delivery was 5 days and actual delivery was 10 days.,Delivery: Supplier must deliver goods within 7 business days.,Non-Compliant,High,Shipment delayed by 5 day(s). Planned delivery: 5 days; Actual delivery: 10 days.,Review vendor performance and check the contract delay requirements.
SHP0455,Epsilon Exports,Kochi,Hyderabad,Rail,2276,Clear,Medium,7,7,0,0,Vendor Epsilon Exports delivered shipment SHP0455 within the planned delivery period.,Delivery: Supplier must deliver goods within 7 business days.,Compliant,Low,No delivery delay detected.,Continue monitoring vendor performance.
SHP0456,Gamma Industries,Kochi,Mumbai,Air,2268,Clear,Low,5,6,1,1,Vendor Gamma Industries delivered shipment SHP0456 1 days late. Planned delivery was 5 days and actual delivery was 6 days.,Delivery: Supplier must deliver goods within 7 business days.,Non-Compliant,High,Shipment delayed by 1 day(s). Planned delivery: 5 days; Actual delivery: 6 days.,Review vendor performance and check the contract delay requirements.
SHP0457,Gamma Industries,Chennai,Delhi,Rail,1363,Rain,Medium,3,6,3,1,Vendor Gamma Industries delivered shipment SHP0457 3 days late. Planned delivery was 3 days and actual delivery was 6 days.,Delivery: Supplier must deliver goods within 7 business days.,Non-Compliant,High,Shipment delayed by 3 day(s). Planned delivery: 3 days; Actual delivery: 6 days.,Review vendor performance and check the contract delay requirements.
SHP0458,Gamma Industries,Mumbai,Delhi,Sea,1369,Clear,Medium,5,5,0,0,Vendor Gamma Industries delivered shipment SHP0458 within the planned delivery period.,Delivery: Supplier must deliver goods within 7 business days.,Compliant,Low,No delivery delay detected.,Continue monitoring vendor performance.
SHP0459,Alpha Logistics,Hyderabad,Coimbatore,Sea,834,Clear,Medium,1,5,4,1,Vendor Alpha Logistics delivered shipment SHP0459 4 days late. Planned delivery was 1 days and actual delivery was 5 days.,Delivery: Supplier must deliver goods within 7 business days.,Non-Compliant,High,Shipment delayed by 4 day(s). Planned delivery: 1 days; Actual delivery: 5 days.,Review vendor performance and check the contract delay requirements.
SHP0460,Epsilon Exports,Chennai,Delhi,Rail,340,Clear,High,1,3,2,1,Vendor Epsilon Exports delivered shipment SHP0460 2 days late. Planned delivery was 1 days and actual delivery was 3 days.,Delivery: Supplier must deliver goods within 7 business days.,Non-Compliant,High,Shipment delayed by 2 day(s). Planned delivery: 1 days; Actual delivery: 3 days.,Review vendor performance and check the contract delay requirements.
SHP0461,Prime Logistics,Chennai,Delhi,Sea,1561,Rain,Low,3,6,3,1,Vendor Prime Logistics delivered shipment SHP0461 3 days late. Planned delivery was 3 days and actual delivery was 6 days.,Delivery: Supplier must deliver goods within 7 business days.,Non-Compliant,High,Shipment delayed by 3 day(s). Planned delivery: 3 days; Actual delivery: 6 days.,Review vendor performance and check the contract delay requirements.
SHP0462,Beta Suppliers,Mumbai,Coimbatore,Rail,2177,Clear,Medium,5,6,1,1,Vendor Beta Suppliers delivered shipment SHP0462 1 days late. Planned delivery was 5 days and actual delivery was 6 days.,Delivery: Supplier must deliver goods within 7 business days.,Non-Compliant,High,Shipment delayed by 1 day(s). Planned delivery: 5 days; Actual delivery: 6 days.,Review vendor performance and check the contract delay requirements.
SHP0463,Delta Traders,Hyderabad,Bangalore,Sea,482,Rain,Medium,1,4,3,1,Vendor Delta Traders delivered shipment SHP0463 3 days late. Planned delivery was 1 days and actual delivery was 4 days.,Delivery: Supplier must deliver goods within 7 business days.,Non-Compliant,High,Shipment delayed by 3 day(s). Planned delivery: 1 days; Actual delivery: 4 days.,Review vendor performance and check the contract delay requirements.
SHP0464,Gamma Industries,Pune,Delhi,Rail,2236,Fog,Low,6,7,1,1,Vendor Gamma Industries delivered shipment SHP0464 1 days late. Planned delivery was 6 days and actual delivery was 7 days.,Delivery: Supplier must deliver goods within 7 business days.,Non-Compliant,High,Shipment delayed by 1 day(s). Planned delivery: 6 days; Actual delivery: 7 days.,Review vendor performance and check the contract delay requirements.
SHP0465,Zeta Manufacturing,Pune,Delhi,Rail,2356,Rain,Low,6,7,1,1,Vendor Zeta Manufacturing delivered shipment SHP0465 1 days late. Planned delivery was 6 days and actual delivery was 7 days.,Delivery: Supplier must deliver goods within 7 business days.,Non-Compliant,High,Shipment delayed by 1 day(s). Planned delivery: 6 days; Actual delivery: 7 days.,Review vendor performance and check the contract delay requirements.
SHP0466,Prime Logistics,Kochi,Pune,Road,191,Fog,Medium,1,2,1,1,Vendor Prime Logistics delivered shipment SHP0466 1 days late. Planned delivery was 1 days and actual delivery was 2 days.,Delivery: Supplier must deliver goods within 7 business days.,Non-Compliant,High,Shipment delayed by 1 day(s). Planned delivery: 1 days; Actual delivery: 2 days.,Review vendor performance and check the contract delay requirements.
SHP0467,Delta Traders,Hyderabad,Delhi,Road,1180,Storm,Medium,2,5,3,1,Vendor Delta Traders delivered shipment SHP0467 3 days late. Planned delivery was 2 days and actual delivery was 5 days.,Delivery: Supplier must deliver goods within 7 business days.,Non-Compliant,High,Shipment delayed by 3 day(s). Planned delivery: 2 days; Actual delivery: 5 days.,Review vendor performance and check the contract delay requirements.
SHP0468,Zeta Manufacturing,Bangalore,Mumbai,Air,2434,Clear,Low,7,7,0,0,Vendor Zeta Manufacturing delivered shipment SHP0468 within the planned delivery period.,Delivery: Supplier must deliver goods within 7 business days.,Compliant,Low,No delivery delay detected.,Continue monitoring vendor performance.
SHP0469,Omega Supplies,Hyderabad,Coimbatore,Air,2026,Clear,High,4,7,3,1,Vendor Omega Supplies delivered shipment SHP0469 3 days late. Planned delivery was 4 days and actual delivery was 7 days.,Delivery: Supplier must deliver goods within 7 business days.,Non-Compliant,High,Shipment delayed by 3 day(s). Planned delivery: 4 days; Actual delivery: 7 days.,Review vendor performance and check the contract delay requirements.
SHP0470,Epsilon Exports,Chennai,Pune,Road,279,Storm,Low,1,5,4,1,Vendor Epsilon Exports delivered shipment SHP0470 4 days late. Planned delivery was 1 days and actual delivery was 5 days.,Delivery: Supplier must deliver goods within 7 business days.,Non-Compliant,High,Shipment delayed by 4 day(s). Planned delivery: 1 days; Actual delivery: 5 days.,Review vendor performance and check the contract delay requirements.
SHP0471,Delta Traders,Chennai,Pune,Road,1298,Rain,Low,3,4,1,1,Vendor Delta Traders delivered shipment SHP0471 1 days late. Planned delivery was 3 days and actual delivery was 4 days.,Delivery: Supplier must deliver goods within 7 business days.,Non-Compliant,High,Shipment delayed by 1 day(s). Planned delivery: 3 days; Actual delivery: 4 days.,Review vendor performance and check the contract delay requirements.
SHP0472,Gamma Industries,Chennai,Pune,Sea,2487,Rain,Low,6,8,2,1,Vendor Gamma Industries delivered shipment SHP0472 2 days late. Planned delivery was 6 days and actual delivery was 8 days.,Delivery: Supplier must deliver goods within 7 business days.,Non-Compliant,High,Shipment delayed by 2 day(s). Planned delivery: 6 days; Actual delivery: 8 days.,Review vendor performance and check the contract delay requirements.
SHP0473,Gamma Industries,Delhi,Coimbatore,Sea,2390,Rain,Medium,7,11,4,1,Vendor Gamma Industries delivered shipment SHP0473 4 days late. Planned delivery was 7 days and actual delivery was 11 days.,Delivery: Supplier must deliver goods within 7 business days.,Non-Compliant,High,Shipment delayed by 4 day(s). Planned delivery: 7 days; Actual delivery: 11 days.,Review vendor performance and check the contract delay requirements.
SHP0474,Gamma Industries,Bangalore,Kochi,Rail,2048,Clear,Medium,5,5,0,0,Vendor Gamma Industries delivered shipment SHP0474 within the planned delivery period.,Delivery: Supplier must deliver goods within 7 business days.,Compliant,Low,No delivery delay detected.,Continue monitoring vendor performance.
SHP0475,Beta Suppliers,Mumbai,Pune,Air,2409,Clear,Medium,6,7,1,1,Vendor Beta Suppliers delivered shipment SHP0475 1 days late. Planned delivery was 6 days and actual delivery was 7 days.,Delivery: Supplier must deliver goods within 7 business days.,Non-Compliant,High,Shipment delayed by 1 day(s). Planned delivery: 6 days; Actual delivery: 7 days.,Review vendor performance and check the contract delay requirements.
SHP0476,Delta Traders,Delhi,Chennai,Air,743,Fog,Medium,1,3,2,1,Vendor Delta Traders delivered shipment SHP0476 2 days late. Planned delivery was 1 days and actual delivery was 3 days.,Delivery: Supplier must deliver goods within 7 business days.,Non-Compliant,High,Shipment delayed by 2 day(s). Planned delivery: 1 days; Actual delivery: 3 days.,Review vendor performance and check the contract delay requirements.
SHP0477,Alpha Logistics,Hyderabad,Delhi,Rail,401,Clear,Low,1,1,0,0,Vendor Alpha Logistics delivered shipment SHP0477 within the planned delivery period.,Delivery: Supplier must deliver goods within 7 business days.,Compliant,Low,No delivery delay detected.,Continue monitoring vendor performance.
SHP0478,Epsilon Exports,Chennai,Delhi,Road,1299,Clear,Low,4,5,1,1,Vendor Epsilon Exports delivered shipment SHP0478 1 days late. Planned delivery was 4 days and actual delivery was 5 days.,Delivery: Supplier must deliver goods within 7 business days.,Non-Compliant,High,Shipment delayed by 1 day(s). Planned delivery: 4 days; Actual delivery: 5 days.,Review vendor performance and check the contract delay requirements.
SHP0479,Delta Traders,Mumbai,Kochi,Rail,125,Clear,High,1,2,1,1,Vendor Delta Traders delivered shipment SHP0479 1 days late. Planned delivery was 1 days and actual delivery was 2 days.,Delivery: Supplier must deliver goods within 7 business days.,Non-Compliant,High,Shipment delayed by 1 day(s). Planned delivery: 1 days; Actual delivery: 2 days.,Review vendor performance and check the contract delay requirements.
SHP0480,Gamma Industries,Chennai,Mumbai,Rail,1161,Clear,Medium,4,5,1,1,Vendor Gamma Industries delivered shipment SHP0480 1 days late. Planned delivery was 4 days and actual delivery was 5 days.,Delivery: Supplier must deliver goods within 7 business days.,Non-Compliant,High,Shipment delayed by 1 day(s). Planned delivery: 4 days; Actual delivery: 5 days.,Review vendor performance and check the contract delay requirements.
SHP0481,Epsilon Exports,Delhi,Coimbatore,Road,1248,Storm,Medium,4,9,5,1,Vendor Epsilon Exports delivered shipment SHP0481 5 days late. Planned delivery was 4 days and actual delivery was 9 days.,Delivery: Supplier must deliver goods within 7 business days.,Non-Compliant,High,Shipment delayed by 5 day(s). Planned delivery: 4 days; Actual delivery: 9 days.,Review vendor performance and check the contract delay requirements.
SHP0482,Beta Suppliers,Bangalore,Hyderabad,Sea,2346,Storm,Low,7,12,5,1,Vendor Beta Suppliers delivered shipment SHP0482 5 days late. Planned delivery was 7 days and actual delivery was 12 days.,Delivery: Supplier must deliver goods within 7 business days.,Non-Compliant,High,Shipment delayed by 5 day(s). Planned delivery: 7 days; Actual delivery: 12 days.,Review vendor performance and check the contract delay requirements.
SHP0483,Omega Supplies,Bangalore,Chennai,Air,1491,Clear,Low,2,2,0,0,Vendor Omega Supplies delivered shipment SHP0483 within the planned delivery period.,Delivery: Supplier must deliver goods within 7 business days.,Compliant,Low,No delivery delay detected.,Continue monitoring vendor performance.
SHP0484,Alpha Logistics,Mumbai,Pune,Road,2323,Storm,Low,6,11,5,1,Vendor Alpha Logistics delivered shipment SHP0484 5 days late. Planned delivery was 6 days and actual delivery was 11 days.,Delivery: Supplier must deliver goods within 7 business days.,Non-Compliant,High,Shipment delayed by 5 day(s). Planned delivery: 6 days; Actual delivery: 11 days.,Review vendor performance and check the contract delay requirements.
SHP0485,Beta Suppliers,Pune,Hyderabad,Sea,1034,Rain,Low,3,5,2,1,Vendor Beta Suppliers delivered shipment SHP0485 2 days late. Planned delivery was 3 days and actual delivery was 5 days.,Delivery: Supplier must deliver goods within 7 business days.,Non-Compliant,High,Shipment delayed by 2 day(s). Planned delivery: 3 days; Actual delivery: 5 days.,Review vendor performance and check the contract delay requirements.
SHP0486,Delta Traders,Bangalore,Hyderabad,Rail,1315,Rain,High,2,5,3,1,Vendor Delta Traders delivered shipment SHP0486 3 days late. Planned delivery was 2 days and actual delivery was 5 days.,Delivery: Supplier must deliver goods within 7 business days.,Non-Compliant,High,Shipment delayed by 3 day(s). Planned delivery: 2 days; Actual delivery: 5 days.,Review vendor performance and check the contract delay requirements.
SHP0487,Gamma Industries,Delhi,Coimbatore,Road,804,Clear,High,1,3,2,1,Vendor Gamma Industries delivered shipment SHP0487 2 days late. Planned delivery was 1 days and actual delivery was 3 days.,Delivery: Supplier must deliver goods within 7 business days.,Non-Compliant,High,Shipment delayed by 2 day(s). Planned delivery: 1 days; Actual delivery: 3 days.,Review vendor performance and check the contract delay requirements.
SHP0488,Omega Supplies,Mumbai,Kochi,Air,672,Rain,Low,2,2,0,0,Vendor Omega Supplies delivered shipment SHP0488 within the planned delivery period.,Delivery: Supplier must deliver goods within 7 business days.,Compliant,Low,No delivery delay detected.,Continue monitoring vendor performance.
SHP0489,Delta Traders,Hyderabad,Chennai,Air,375,Rain,Medium,1,4,3,1,Vendor Delta Traders delivered shipment SHP0489 3 days late. Planned delivery was 1 days and actual delivery was 4 days.,Delivery: Supplier must deliver goods within 7 business days.,Non-Compliant,High,Shipment delayed by 3 day(s). Planned delivery: 1 days; Actual delivery: 4 days.,Review vendor performance and check the contract delay requirements.
SHP0490,Omega Supplies,Kochi,Bangalore,Rail,841,Clear,Low,1,1,0,0,Vendor Omega Supplies delivered shipment SHP0490 within the planned delivery period.,Delivery: Supplier must deliver goods within 7 business days.,Compliant,Low,No delivery delay detected.,Continue monitoring vendor performance.
SHP0491,Epsilon Exports,Pune,Hyderabad,Rail,887,Clear,High,2,6,4,1,Vendor Epsilon Exports delivered shipment SHP0491 4 days late. Planned delivery was 2 days and actual delivery was 6 days.,Delivery: Supplier must deliver goods within 7 business days.,Non-Compliant,High,Shipment delayed by 4 day(s). Planned delivery: 2 days; Actual delivery: 6 days.,Review vendor performance and check the contract delay requirements.
SHP0492,Zeta Manufacturing,Kochi,Hyderabad,Sea,1708,Rain,Medium,3,7,4,1,Vendor Zeta Manufacturing delivered shipment SHP0492 4 days late. Planned delivery was 3 days and actual delivery was 7 days.,Delivery: Supplier must deliver goods within 7 business days.,Non-Compliant,High,Shipment delayed by 4 day(s). Planned delivery: 3 days; Actual delivery: 7 days.,Review vendor performance and check the contract delay requirements.
SHP0493,Beta Suppliers,Kochi,Chennai,Rail,2174,Rain,High,8,13,5,1,Vendor Beta Suppliers delivered shipment SHP0493 5 days late. Planned delivery was 8 days and actual delivery was 13 days.,Delivery: Supplier must deliver goods within 7 business days.,Non-Compliant,High,Shipment delayed by 5 day(s). Planned delivery: 8 days; Actual delivery: 13 days.,Review vendor performance and check the contract delay requirements.
SHP0494,Delta Traders,Mumbai,Kochi,Sea,1297,Rain,Low,4,7,3,1,Vendor Delta Traders delivered shipment SHP0494 3 days late. Planned delivery was 4 days and actual delivery was 7 days.,Delivery: Supplier must deliver goods within 7 business days.,Non-Compliant,High,Shipment delayed by 3 day(s). Planned delivery: 4 days; Actual delivery: 7 days.,Review vendor performance and check the contract delay requirements.
SHP0495,Gamma Industries,Kochi,Coimbatore,Road,786,Rain,High,1,4,3,1,Vendor Gamma Industries delivered shipment SHP0495 3 days late. Planned delivery was 1 days and actual delivery was 4 days.,Delivery: Supplier must deliver goods within 7 business days.,Non-Compliant,High,Shipment delayed by 3 day(s). Planned delivery: 1 days; Actual delivery: 4 days.,Review vendor performance and check the contract delay requirements.
SHP0496,Prime Logistics,Chennai,Bangalore,Sea,2467,Storm,High,5,11,6,1,Vendor Prime Logistics delivered shipment SHP0496 6 days late. Planned delivery was 5 days and actual delivery was 11 days.,Delivery: Supplier must deliver goods within 7 business days.,Non-Compliant,High,Shipment delayed by 6 day(s). Planned delivery: 5 days; Actual delivery: 11 days.,Review vendor performance and check the contract delay requirements.
SHP0497,Gamma Industries,Coimbatore,Kochi,Air,399,Rain,Low,1,3,2,1,Vendor Gamma Industries delivered shipment SHP0497 2 days late. Planned delivery was 1 days and actual delivery was 3 days.,Delivery: Supplier must deliver goods within 7 business days.,Non-Compliant,High,Shipment delayed by 2 day(s). Planned delivery: 1 days; Actual delivery: 3 days.,Review vendor performance and check the contract delay requirements.
SHP0498,Omega Supplies,Chennai,Bangalore,Air,2366,Storm,High,8,11,3,1,Vendor Omega Supplies delivered shipment SHP0498 3 days late. Planned delivery was 8 days and actual delivery was 11 days.,Delivery: Supplier must deliver goods within 7 business days.,Non-Compliant,High,Shipment delayed by 3 day(s). Planned delivery: 8 days; Actual delivery: 11 days.,Review vendor performance and check the contract delay requirements.
SHP0499,Omega Supplies,Mumbai,Kochi,Air,790,Clear,Low,2,2,0,0,Vendor Omega Supplies delivered shipment SHP0499 within the planned delivery period.,Delivery: Supplier must deliver goods within 7 business days.,Compliant,Low,No delivery delay detected.,Continue monitoring vendor performance.
SHP0500,Epsilon Exports,Chennai,Kochi,Sea,2092,Rain,Low,4,6,2,1,Vendor Epsilon Exports delivered shipment SHP0500 2 days late. Planned delivery was 4 days and actual delivery was 6 days.,Delivery: Supplier must deliver goods within 7 business days.,Non-Compliant,High,Shipment delayed by 2 day(s). Planned delivery: 4 days; Actual delivery: 6 days.,Review vendor performance and check the contract delay requirements.
